pred_mag,pred_zone,pred_large_prob
4.9108205,0,0.1917201
4.9124184,0,0.19263877
4.884083,0,0.19695082
4.884972,0,0.19434147
4.932987,0,0.19360282
4.9375596,0,0.1912554
4.8870254,0,0.19817165
4.866347,0,0.20689848
4.9316306,0,0.19513637
4.942165,0,0.19866985
4.9420342,0,0.20046632
4.907578,0,0.19702746
4.923674,0,0.19552948
4.942523,0,0.19489822
4.93696,0,0.19856572
4.9450374,0,0.19699697
4.947837,0,0.20336512
4.9442763,0,0.20124137
4.9427304,0,0.19946373
4.915158,0,0.1987892
4.9053826,0,0.20000978
4.9456306,0,0.19961658
4.9001427,0,0.20384614
4.898941,0,0.20312423
4.918019,0,0.20032516
4.9024925,0,0.20315461
4.9095497,0,0.2042253
4.945531,0,0.1967281
4.9320574,0,0.2010125
4.938039,0,0.19881526
4.9375334,0,0.1983955
4.927729,0,0.19908382
4.9259915,0,0.20086327
4.929832,0,0.19929484
4.9412265,0,0.19768843
4.9285684,0,0.20283459
4.900764,0,0.20852183
4.8888106,0,0.20703831
4.919141,0,0.20085885
4.9059653,0,0.19992079
4.910917,0,0.19769795
4.9058805,0,0.19449551
4.890858,0,0.20457545
4.932443,0,0.19636637
4.9275765,0,0.1956021
4.884537,0,0.2035105
4.930884,0,0.19571564
4.893596,0,0.20170727
4.928945,0,0.19494706
4.8912654,0,0.19976407
4.8879533,0,0.19644281
4.920938,0,0.19278175
4.933804,0,0.1933221
4.88691,0,0.19640225
4.897323,0,0.20306939
4.9172225,0,0.20109297
4.9322367,0,0.19358766
4.931518,0,0.19312303
4.9036617,0,0.19999817
4.913915,0,0.19768323
4.91547,0,0.19714667
4.930467,0,0.19380431
4.913097,0,0.19760971
4.8903594,0,0.20235994
4.927237,0,0.18846925
4.8926463,0,0.2026737
4.9354243,0,0.19464466
4.9346614,0,0.19195476
4.91046,0,0.19999655
4.9196506,0,0.19813836
4.889346,0,0.1995909
4.94232,0,0.19594151
4.8981533,0,0.20014201
4.8922067,0,0.2036968
4.89465,0,0.20157248
4.9392147,0,0.19187933
4.9354095,0,0.1942625
4.940849,0,0.19450407
4.909518,0,0.20041816
4.8912325,0,0.20110045
4.9275203,0,0.1912421
4.927762,0,0.18755434
4.9159474,0,0.19441412
4.8217883,0,0.21675998
4.937098,0,0.20592703
4.9088607,0,0.20485233
4.8349214,0,0.21846516
4.9364495,0,0.2061423
4.9390426,0,0.20697077
4.8425465,0,0.21767202
4.819508,0,0.2184359
4.909159,0,0.20726639
4.88121,0,0.21172023
4.888554,0,0.2086597
4.931463,0,0.20238216
4.9062915,0,0.2079641
4.9251695,0,0.20751135
4.8680177,0,0.20947824
4.931958,0,0.20655255
4.8258524,0,0.21978375
4.8657002,0,0.2087705
4.9086328,0,0.20658942
4.9333673,0,0.20646544
4.9023504,0,0.2082384
4.9303637,0,0.20822725
4.8815007,0,0.21087553
4.882914,0,0.21088035
4.9190516,0,0.20791365
4.897,0,0.20790064
4.858701,0,0.22376326
4.9260736,0,0.2120147
4.905602,0,0.21204412
4.8834105,0,0.21472284
4.9311385,0,0.21017633
4.906608,0,0.21460804
4.933728,0,0.2058158
4.9019938,0,0.2121524
4.8861723,0,0.21720783
4.897884,0,0.2112144
4.8702645,0,0.20959903
4.94381,0,0.20696701
4.943403,0,0.20654982
4.925941,0,0.21032922
4.9417787,0,0.20431185
4.9307685,0,0.21015796
4.9331613,0,0.20925559
4.9108977,0,0.20969851
4.914889,0,0.20838383
4.883273,0,0.21225247
4.921226,0,0.21100634
4.9217277,0,0.20500587
4.90978,0,0.20702654
4.929554,0,0.20369472
4.9308896,0,0.19670516
4.932384,0,0.20282781
4.9194646,0,0.20302303
4.9319196,0,0.20513771
4.931758,0,0.20178938
4.922022,0,0.20405592
4.9285665,0,0.1976796
4.8880887,0,0.2030885
4.8893523,0,0.20164795
4.92442,0,0.20121431
4.925656,0,0.19650951
4.9245143,0,0.1971453
4.937345,0,0.1933812
4.9261727,0,0.1958361
4.9072685,0,0.19270353
4.9147716,0,0.191548
4.9216533,0,0.19661528
4.906868,0,0.19307598
4.9168143,0,0.18967277
4.932177,0,0.19171031
4.92481,0,0.18803488
4.90503,0,0.19221167
4.909039,0,0.19033122
4.9017873,0,0.19147491
4.8381667,0,0.20632231
4.896435,0,0.20307234
4.9327126,0,0.20177676
4.927918,0,0.20091617
4.9200068,0,0.20461155
4.916948,0,0.20103538
4.9404254,0,0.19710442
4.9008555,0,0.2057831
4.90426,0,0.20911704
4.9260516,0,0.20198743
4.945082,0,0.1964723
4.9392395,0,0.19889058
4.902785,0,0.20788136
4.9402313,0,0.19737509
4.9093747,0,0.20100981
4.9021096,0,0.20975317
4.8975635,0,0.20675518
4.89798,0,0.20655128
4.899286,0,0.20634513
4.904467,0,0.20519584
4.9013934,0,0.20656964
4.9336123,0,0.20288943
4.9329023,0,0.20366548
4.9295096,0,0.20141661
4.9467225,0,0.20212859
4.92827,0,0.20256533
4.899778,0,0.20469466
4.9002156,0,0.20467237
4.8628416,0,0.20709549
4.9359083,0,0.19597767
4.9482403,0,0.19980898
4.9472127,0,0.19778635
4.933242,0,0.19601785
4.901009,0,0.20561148
4.9417024,0,0.19913873
4.9431367,0,0.20284584
4.9346285,0,0.19644748
4.893911,0,0.20429644
4.89916,0,0.20603439
4.9436965,0,0.2002443
4.901566,0,0.20640996
4.900521,0,0.20564152
4.901551,0,0.20370719
4.9334226,0,0.20099372
4.9488664,0,0.2004678
4.934679,0,0.19728808
4.9145865,0,0.20023644
4.912923,0,0.19836359
4.8967614,0,0.20373861
4.939404,0,0.2016812
4.8959146,0,0.2035962
4.9070773,0,0.20347653
4.923941,0,0.20163108
4.922307,0,0.20382391
4.8557706,0,0.20996653
4.9149156,0,0.20345289
4.920781,0,0.19818908
4.932914,0,0.19742717
4.916167,0,0.20068501
4.9398403,0,0.19821765
4.8153014,0,0.21809892
4.8921647,0,0.20533584
4.910128,0,0.2040373
4.876661,0,0.20770906
4.9132485,0,0.2057518
4.8901896,0,0.20622209
4.926677,0,0.2080953
4.894934,0,0.20676894
4.921999,0,0.20776483
4.9165654,0,0.20655741
4.8361955,0,0.21827726
4.8994694,0,0.20747969
4.892565,0,0.20790634
4.9388175,0,0.20439361
4.9384875,0,0.20629783
4.9319468,0,0.2042413
4.8945813,0,0.20829451
4.93422,0,0.20778747
4.918416,0,0.20911829
4.9198556,0,0.20507072
4.93687,0,0.20916247
4.917535,0,0.2060233
4.887563,0,0.2085064
4.893479,0,0.21008155
4.931923,0,0.20667067
4.906029,0,0.20788585
4.9108224,0,0.20379771
4.8942885,0,0.2091064
4.913216,0,0.20778574
4.913803,0,0.2069427
4.9091344,0,0.20572829
4.944903,0,0.20286982
4.896661,0,0.20564541
4.9401917,0,0.2037826
4.9259496,0,0.20315085
4.8933167,0,0.21111879
4.938763,0,0.19889171
4.9091115,0,0.20685446
4.8901076,0,0.20487003
4.9086776,0,0.2030064
4.8954144,0,0.19377235
4.891996,0,0.19341025
4.938469,0,0.19213863
4.899997,0,0.19551182
4.901227,0,0.19539143
4.9009333,0,0.19559447
4.9026628,0,0.19518109
4.912606,0,0.19168504
4.8559184,0,0.21186641
4.9412127,0,0.19815938
4.9494123,0,0.20089675
4.9177904,0,0.2036597
4.950171,0,0.2037453
4.9262524,0,0.20018873
4.9405413,0,0.20084208
4.9466157,0,0.2023595
4.943233,0,0.20180495
4.931019,0,0.20340848
4.9045243,0,0.20645367
4.942126,0,0.20153463
4.923804,0,0.20391631
4.8995023,0,0.2064122
4.9251304,0,0.20356
4.898785,0,0.20452687
4.9410033,0,0.20035984
4.940807,0,0.19974671
4.944172,0,0.1990576
4.9407763,0,0.20117065
4.9060125,0,0.20330536
4.9380393,0,0.19853097
4.936033,0,0.19860482
4.8792424,0,0.20342603
4.892147,0,0.20880447
4.880379,0,0.20313013
4.920846,0,0.20314807
4.891146,0,0.20521556
4.897096,0,0.209018
4.9153132,0,0.20226474
4.9175277,0,0.19131099
4.883021,0,0.19905452
4.924146,0,0.19216065
4.8937893,0,0.2012492
4.904594,0,0.19921155
4.8847604,0,0.20100398
4.897492,0,0.19914584
4.88622,0,0.19964167
4.8868427,0,0.19908056
4.8876033,0,0.19894667
4.922047,0,0.1894103
4.890183,0,0.19931342
4.889405,0,0.19882563
4.8545775,0,0.20940039
4.9011,0,0.20038995
4.912393,0,0.20357347
4.8912396,0,0.2004352
4.9092774,0,0.20034124
4.907079,0,0.20316519
4.9070144,0,0.20189942
4.927413,0,0.1963884
4.935984,0,0.19347067
4.9054933,0,0.20195904
4.9068418,0,0.20135927
4.905494,0,0.20187083
4.9015465,0,0.19846442
4.907224,0,0.20099889
4.9512906,0,0.19409706
4.9091763,0,0.20192839
4.9223633,0,0.1999016
4.907861,0,0.20270847
4.9408336,0,0.19698493
4.9270053,0,0.19826415
4.930799,0,0.19546743
4.9078965,0,0.20192175
4.9428263,0,0.19822621
4.946324,0,0.19504808
4.915582,0,0.20313741
4.9070163,0,0.20624404
4.9501543,0,0.19633406
4.934827,0,0.20031635
4.907071,0,0.20401543
4.9402432,0,0.20377733
4.888883,0,0.19662882
4.93151,0,0.19312899
4.922809,0,0.18975195
4.8917212,0,0.20005186
4.913202,0,0.18790776
4.8859262,0,0.19743352
4.88683,0,0.19759119
4.8868346,0,0.19717257
4.886842,0,0.1968839
4.8969445,0,0.20044628
4.934878,0,0.19588755
4.921022,0,0.1878548
4.9325995,0,0.18951967
4.921434,0,0.19319467
4.8883986,0,0.19683766
4.8941636,0,0.20638742
4.893006,0,0.20365317
4.9133925,0,0.19566832
4.88639,0,0.19674668
4.922846,0,0.19210255
4.932638,0,0.19135185
4.907388,0,0.20211332
4.914167,0,0.1951531
4.9128833,0,0.19081265
4.9335346,0,0.200047
4.9039216,0,0.1943303
4.8941627,0,0.19402874
4.9037933,0,0.19287221
4.891831,0,0.19384702
4.8937845,0,0.19374867
4.895547,0,0.19552483
4.941105,0,0.19371283
4.942971,0,0.19324796
4.9393296,0,0.19192532
4.9094405,0,0.19343467
4.9351983,0,0.19121878
4.9458666,0,0.19196194
4.904061,0,0.2037854
4.9208293,0,0.20258892
4.933134,0,0.19969597
4.8891187,0,0.19809653
4.9462037,0,0.19265497
4.9028926,0,0.20249084
4.9205623,0,0.1995863
4.909193,0,0.20348446
4.899862,0,0.1997765
4.9291816,0,0.19337606
4.933449,0,0.19499299
4.905691,0,0.1999927
4.915035,0,0.19983001
4.937842,0,0.19213952
4.9365726,0,0.19561288
4.925792,0,0.19277205
4.930679,0,0.19400023
4.897652,0,0.20147143
4.943292,0,0.19725835
4.941096,0,0.19445945
4.929945,0,0.19727938
4.93831,0,0.19474535
4.908442,0,0.20203516
4.8963346,0,0.19896652
4.8888307,0,0.1952955
4.926696,0,0.19484033
4.937568,0,0.20105547
4.9246087,0,0.18940742
4.884833,0,0.20459405
4.925165,0,0.18836378
4.932006,0,0.193013
4.8441014,0,0.21330953
4.933518,0,0.20203993
4.9334216,0,0.20309229
4.9455075,0,0.20522086
4.906821,0,0.20456839
4.932871,0,0.20129105
4.8974695,0,0.20626837
4.9463916,0,0.2042716
4.933402,0,0.20176335
4.896531,0,0.20644848
4.9160404,0,0.20590934
4.9159627,0,0.20442843
4.8935695,0,0.20566012
4.944843,0,0.20439391
4.9375434,0,0.20165141
4.892897,0,0.21381931
4.8923464,0,0.20732814
4.8928933,0,0.21153158
4.9339952,0,0.2003041
4.91455,0,0.20915455
4.8980002,0,0.2092188
4.9147987,0,0.20491096
4.895523,0,0.20752308
4.91803,0,0.2054032
4.898561,0,0.20738888
4.940486,0,0.2036978
4.919936,0,0.20359905
4.9022965,0,0.20549294
4.924043,0,0.20514546
4.944527,0,0.2038576
4.9216275,0,0.19176044
4.94373,0,0.19732581
4.9387226,0,0.19881621
4.9290915,0,0.19536003
4.9324336,0,0.19524874
4.9116797,0,0.1940792
4.893037,0,0.20349714
4.9323335,0,0.19422977
4.905976,0,0.1967936
4.930616,0,0.19339094
4.880658,0,0.19718055
4.8892393,0,0.1993832
4.798696,0,0.21943145
4.936194,0,0.2070875
4.9046474,0,0.2085186
4.882735,0,0.21289513
4.9361176,0,0.20605601
4.8673472,0,0.20879745
4.938446,0,0.20856825
4.871825,0,0.21152966
4.883784,0,0.21077892
4.8955197,0,0.21110879
4.8993654,0,0.2112264
4.8872304,0,0.2104669
4.8997865,0,0.20843396
4.9073915,0,0.21016738
4.9084888,0,0.21002711
4.905002,0,0.21290827
4.888966,0,0.2098227
4.906149,0,0.2121523
4.923265,0,0.20666605
4.9096255,0,0.20966147
4.8977957,0,0.2100397
4.879816,0,0.2116296
4.8950167,0,0.20991193
4.8811226,0,0.21108465
4.8944473,0,0.21087351
4.9086547,0,0.2113449
4.8949876,0,0.2111475
4.880997,0,0.2101875
4.882975,0,0.20995802
4.9252973,0,0.20977037
4.9063544,0,0.20723791
4.901169,0,0.200728
4.86079,0,0.20942092
4.9082966,0,0.20220643
4.9028087,0,0.20408121
4.92312,0,0.20185517
4.946043,0,0.19789103
4.9487624,0,0.19808534
4.94953,0,0.1952266
4.919022,0,0.2032658
4.938135,0,0.20078132
4.946453,0,0.19598301
4.9029093,0,0.20220084
4.918364,0,0.20335026
4.9100633,0,0.20253606
4.9443636,0,0.20510048
4.937765,0,0.20068234
4.9062686,0,0.20993233
4.929844,0,0.20472698
4.90607,0,0.20076619
4.9251666,0,0.20091417
4.908586,0,0.20787528
4.9233203,0,0.20384867
4.923551,0,0.20343512
4.94852,0,0.19635889
4.9447885,0,0.19825205
4.8966165,0,0.20525567
4.9324813,0,0.20374103
4.945622,0,0.19806968
4.930444,0,0.20364253
4.9481797,0,0.20216274
4.80339,0,0.22044209
4.8724866,0,0.21181372
4.9222775,0,0.21397929
4.8887954,0,0.21520473
4.934974,0,0.20625933
4.8829403,0,0.21567792
4.8911004,0,0.21477544
4.889981,0,0.21324873
4.9142976,0,0.20991299
4.9293094,0,0.21011207
4.922978,0,0.21092333
4.9185348,0,0.2110856
4.926808,0,0.2089951
4.932161,0,0.2076801
4.9133086,0,0.21106292
4.8867297,0,0.2115041
4.878741,0,0.21444908
4.883281,0,0.21420036
4.917934,0,0.21004446
4.87991,0,0.21378851
4.9053807,0,0.2123549
4.8973813,0,0.20999603
4.8786626,0,0.21349534
4.9304795,0,0.20760612
4.821508,0,0.22009802
4.9186044,0,0.21002023
4.8827157,0,0.21472779
4.8826485,0,0.21379593
4.883777,0,0.21325557
4.9383445,0,0.20538625
4.9337745,0,0.20690668
4.890784,0,0.20875783
4.917272,0,0.20621341
4.921242,0,0.20379145
4.9324603,0,0.20246945
4.938152,0,0.20331353
4.896814,0,0.20846769
4.899604,0,0.20607978
4.8927913,0,0.20557193
4.938914,0,0.20360729
4.8883233,0,0.20877367
4.892801,0,0.20529841
4.9046493,0,0.20554703
4.9094157,0,0.2074876
4.8952703,0,0.20430137
4.9461665,0,0.20320396
4.884353,0,0.20629546
4.934077,0,0.20330396
4.906483,0,0.20648664
4.9254065,0,0.20569572
4.931,0,0.20655851
4.9100223,0,0.20970522
4.942989,0,0.20547575
4.939092,0,0.20576428
4.9331813,0,0.19472449
4.9034786,0,0.19725308
4.9176373,0,0.19522865
4.9126997,0,0.19974151
4.910086,0,0.19500168
4.930346,0,0.19681744
4.93187,0,0.194837
4.9166512,0,0.19673754
4.907379,0,0.19831872
4.9240165,0,0.1955103
4.9074855,0,0.1985006
4.8898993,0,0.2023306
4.923411,0,0.19636464
4.88487,0,0.20043394
4.893402,0,0.20454144
4.920902,0,0.19603524
4.9340014,0,0.19538502
4.885728,0,0.1977326
4.8830724,0,0.19512543
4.883428,0,0.19667566
4.88757,0,0.20043935
4.8944707,0,0.19519518
4.915116,0,0.20097318
4.9063444,0,0.20843785
4.88855,0,0.20067641
4.8923383,0,0.19551215
4.8384924,0,0.21431504
4.917185,0,0.20460187
4.9309926,0,0.20586343
4.9017224,0,0.2074372
4.912088,0,0.20531003
4.9024186,0,0.20593944
4.902095,0,0.20559673
4.9014015,0,0.20534948
4.901296,0,0.20501442
4.906873,0,0.2046737
4.91392,0,0.20356399
4.9152417,0,0.20402564
4.892861,0,0.20240276
4.90776,0,0.20397353
4.910524,0,0.20509727
4.9147716,0,0.20402637
4.9153094,0,0.20344403
4.9487233,0,0.20280014
4.9228897,0,0.20481764
4.905622,0,0.20493577
4.8253646,0,0.21306454
4.9123063,0,0.20581709
4.8998566,0,0.20728335
4.925094,0,0.21106343
4.9390435,0,0.20641243
4.93706,0,0.20599283
4.9296126,0,0.20775783
4.9127097,0,0.20559281
4.9332643,0,0.20515321
4.9306207,0,0.20673719
4.8983088,0,0.20843363
4.9379086,0,0.20178418
4.8922353,0,0.20868641
4.9013286,0,0.20984958
4.892261,0,0.2052856
4.895641,0,0.20612909
4.935373,0,0.2064345
4.9186964,0,0.20659415
4.941304,0,0.20434426
4.9157066,0,0.2058201
4.9410315,0,0.2043978
4.930623,0,0.20688419
4.93543,0,0.20406145
4.9245105,0,0.2041615
4.937284,0,0.20222853
4.932084,0,0.2057183
4.8917146,0,0.20471519
4.9395356,0,0.20653652
4.915908,0,0.2071688
4.8875914,0,0.21053511
4.923144,0,0.19044833
4.9007807,0,0.19423924
4.9008965,0,0.19311087
4.9100947,0,0.19128062
4.912621,0,0.1907577
4.902619,0,0.19218476
4.91151,0,0.19073005
4.9137397,0,0.19053453
4.921554,0,0.18894291
4.9015384,0,0.19243477
4.9119678,0,0.19018453
4.916632,0,0.18919247
4.915587,0,0.1895179
4.907689,0,0.1903976
4.9055324,0,0.1900356
4.88963,0,0.19882008
4.8946385,0,0.19429082
4.9064727,0,0.19276214
4.877217,0,0.2008898
4.9080505,0,0.19110915
4.9154286,0,0.18999974
4.911508,0,0.19083604
4.9083924,0,0.19032325
4.904859,0,0.19236591
4.9137874,0,0.18985158
4.916117,0,0.18942632
4.890555,0,0.19224447
4.831017,0,0.21320923
4.9116845,0,0.20255339
4.9154773,0,0.20179133
4.916756,0,0.20171921
4.913626,0,0.20206764
4.9166055,0,0.20174797
4.915568,0,0.20191155
4.8953714,0,0.20408921
4.918925,0,0.20196858
4.9036055,0,0.20307654
4.891358,0,0.20486449
4.919365,0,0.20245072
4.9033484,0,0.20143205
4.9155674,0,0.20234303
4.9194613,0,0.20248933
4.9145494,0,0.20266871
4.896716,0,0.2061882
4.928597,0,0.19988336
4.9103875,0,0.2028267
4.9071045,0,0.20287439
4.9149947,0,0.20270033
4.916146,0,0.20482264
4.9358897,0,0.20083354
4.9144735,0,0.20267314
4.912161,0,0.20541537
4.9420295,0,0.20254155
4.9093957,0,0.20256385
4.9044833,0,0.2026446
4.908836,0,0.20269307
4.9182134,0,0.2030417
4.9166684,0,0.1937412
4.925171,0,0.19095728
4.9175367,0,0.19254793
4.906691,0,0.19246165
4.8897533,0,0.19381946
4.8925023,0,0.196228
4.937387,0,0.19040582
4.898995,0,0.19218461
4.911356,0,0.19050767
4.912296,0,0.19058658
4.9107575,0,0.19046685
4.9107213,0,0.19037312
4.910714,0,0.19021773
4.911019,0,0.19002333
4.91069,0,0.18993066
4.91052,0,0.1899501
4.910464,0,0.19017978
4.9109654,0,0.19012558
4.9109144,0,0.19013661
4.910385,0,0.19014636
4.9226584,0,0.18939789
4.9214177,0,0.18905912
4.913671,0,0.18757582
4.909081,0,0.18771325
4.9145346,0,0.18707146
4.888497,0,0.18577006
4.8629737,0,0.18878889
4.893787,0,0.18584143
4.88817,0,0.18594071
4.891193,0,0.18618976
4.901652,0,0.18636942
4.891723,0,0.18614666
4.894298,0,0.18678562
4.8604646,0,0.18859814
4.8981457,0,0.18392913
4.8952765,0,0.1860466
4.8731246,0,0.18386398
4.891502,0,0.18433435
4.846357,0,0.1920475
4.8742404,0,0.1846035
4.9261765,0,0.18939838
4.9229293,0,0.18406838
4.915524,0,0.18791339
4.9138646,0,0.18738475
4.911543,0,0.18611313
4.919356,0,0.18629563
4.9171653,0,0.1883102
4.9107804,0,0.18783313
4.909285,0,0.18872878
4.9177666,0,0.18273151
4.913839,0,0.18742587
4.903608,0,0.18923485
4.9342585,0,0.18580702
4.8804693,0,0.19120607
4.9306293,0,0.18942331
4.8849387,0,0.19532591
4.926515,0,0.18574134
4.9309106,0,0.1879199
4.9227095,0,0.18909779
4.918669,0,0.19043306
4.929359,0,0.18717098
4.9192705,0,0.18742074
4.9024467,0,0.19087173
4.899863,0,0.19026391
4.9164453,0,0.18856168
4.8958135,0,0.19537733
4.88059,0,0.20330606
4.861779,0,0.20903611
4.8992825,0,0.20193738
4.93163,0,0.19804984
4.932169,0,0.20099264
4.9057364,0,0.20356756
4.9027247,0,0.20275284
4.9141574,0,0.20486644
4.9187355,0,0.20165806
4.9278316,0,0.19715244
4.9068847,0,0.20276482
4.917321,0,0.20197721
4.943189,0,0.1951208
4.9467783,0,0.19576482
4.904548,0,0.20308764
4.9496336,0,0.19796766
4.922668,0,0.2039268
4.919406,0,0.19956869
4.9482193,0,0.20017815
4.934171,0,0.20086724
4.9387507,0,0.19895734
4.9472227,0,0.19776443
4.913613,0,0.2014748
4.9498277,0,0.19633158
4.904733,0,0.20385122
4.9065146,0,0.20235749
4.933742,0,0.19664654
4.930862,0,0.19975185
4.9500995,0,0.19841515
4.8680267,0,0.20823395
4.926042,0,0.20272869
4.9478106,0,0.19873264
4.8982005,0,0.20462623
4.910255,0,0.20202215
4.9019017,0,0.20177597
4.9375057,0,0.19768377
4.9261117,0,0.19444616
4.915855,0,0.1988774
4.9157615,0,0.19900824
4.903891,0,0.19918524
4.8475385,0,0.21017615
4.923544,0,0.20406514
4.886159,0,0.20357214
4.912518,0,0.20748904
4.9479938,0,0.20341593
4.906113,0,0.20098434
4.929265,0,0.20436095
4.941711,0,0.20003138
4.9004784,0,0.20524625
4.919078,0,0.20292394
4.9296803,0,0.203886
4.9470973,0,0.20234503
4.9379706,0,0.20235913
4.9327364,0,0.19983266
4.89883,0,0.20469292
4.9356217,0,0.20244573
4.919398,0,0.20360744
4.944469,0,0.20165448
4.9349103,0,0.20245409
4.8985047,0,0.20292425
4.9221244,0,0.20094192
4.9403453,0,0.20250195
4.913345,0,0.20471391
4.9329014,0,0.19921604
4.9030538,0,0.20499901
4.9359784,0,0.20015942
4.927869,0,0.20062645
4.9263496,0,0.20265101
4.919994,0,0.20317389
4.9000506,0,0.2065893
4.93494,0,0.19241466
4.921252,0,0.19976595
4.932849,0,0.19090478
4.9213943,0,0.19819735
4.922934,0,0.18984534
4.9198785,0,0.19174485
4.926393,0,0.18756887
4.9218173,0,0.1968241
4.9249415,0,0.19082114
4.9117703,0,0.1945891
4.894647,0,0.21110123
4.918837,0,0.19561529
4.8852715,0,0.20095922
4.8299866,0,0.21257564
4.9094157,0,0.21368943
4.9317408,0,0.20512708
4.8916497,0,0.20485257
4.923811,0,0.20636243
4.8914895,0,0.20908341
4.9138412,0,0.20379503
4.93849,0,0.20761406
4.9135795,0,0.2058369
4.924892,0,0.2032949
4.9364953,0,0.20182396
4.89292,0,0.2057018
4.8952165,0,0.20835191
4.8942103,0,0.20478973
4.895638,0,0.2050089
4.92065,0,0.20668694
4.8947783,0,0.2063981
4.914544,0,0.20682885
4.897639,0,0.20872189
4.915532,0,0.20638476
4.914928,0,0.20394923
4.9422965,0,0.2063004
4.944983,0,0.20495889
4.9227185,0,0.20730644
4.8424835,0,0.21506453
4.8926234,0,0.20918024
4.918462,0,0.20548315
4.903029,0,0.20702769
4.8975043,0,0.20630269
4.9109387,0,0.20834409
4.9277577,0,0.20412092
4.902223,0,0.20763253
4.9343715,0,0.1993996
4.9020715,0,0.20619349
4.939894,0,0.20198044
4.9198976,0,0.2027897
4.9009957,0,0.20284872
4.9021707,0,0.2071071
4.9443965,0,0.19906697
4.9342723,0,0.20692568
4.913043,0,0.20639566
4.9133983,0,0.20548987
4.9037557,0,0.20872289
4.9021945,0,0.20648754
4.900619,0,0.20605206
4.900644,0,0.20142122
4.90069,0,0.2053181
4.9345007,0,0.20153831
4.9409585,0,0.20205015
4.928972,0,0.20092611
4.943649,0,0.19975914
4.8992786,0,0.20751879
4.8972754,0,0.20719437
4.9352164,0,0.20284475
4.9254937,0,0.19821034
4.9084845,0,0.20060523
4.935311,0,0.19168851
4.938547,0,0.20015888
4.9367623,0,0.20037025
4.9262867,0,0.19896808
4.885964,0,0.1956682
4.9214644,0,0.1954525
4.916867,0,0.19407411
4.93877,0,0.19235013
4.9090047,0,0.19474548
4.9053307,0,0.20104873
4.938786,0,0.20079973
4.894673,0,0.20311624
4.915779,0,0.19961426
4.8934064,0,0.19566439
4.9088073,0,0.19819285
4.817319,0,0.21788904
4.816441,0,0.21813463
4.934994,0,0.20304237
4.911683,0,0.21140385
4.940623,0,0.20810068
4.9058356,0,0.21013892
4.8078275,0,0.21917598
4.9065967,0,0.20859754
4.931236,0,0.20819367
4.9080625,0,0.21040465
4.87297,0,0.210804
4.8773723,0,0.21008974
4.9308805,0,0.20544599
4.893069,0,0.20934959
4.906197,0,0.20629427
4.9083033,0,0.20604786
4.8826227,0,0.21248128
4.885031,0,0.21042956
4.8891053,0,0.2102476
4.885598,0,0.20944577
4.8819814,0,0.20825402
4.8810062,0,0.20828818
4.882668,0,0.20775738
4.884478,0,0.20755115
4.879523,0,0.20789315
4.882012,0,0.20751762
4.914994,0,0.20647109
4.9099145,0,0.2066595
4.9072003,0,0.20855236
4.915666,0,0.20709735
4.9156685,0,0.20826222
4.8975654,0,0.2082401
4.8879404,0,0.20835742
4.9077206,0,0.21092986
4.9176745,0,0.2042714
4.912556,0,0.20389858
4.9118037,0,0.19323477
4.891854,0,0.1934835
4.8903604,0,0.20159744
4.8879538,0,0.19963105
4.931604,0,0.19064201
4.910341,0,0.18744145
4.8752522,0,0.19789425
4.8771725,0,0.200415
4.874801,0,0.19767316
4.8821507,0,0.1986094
4.8937197,0,0.19322087
4.9118934,0,0.19461547
4.918612,0,0.19319856
4.919864,0,0.1840099
4.920111,0,0.18743809
4.882376,0,0.20440239
4.876884,0,0.19615424
4.825429,0,0.21725775
4.9124722,0,0.20868754
4.9185934,0,0.20563021
4.855443,0,0.21829748
4.9110103,0,0.20856272
4.908491,0,0.20755932
4.9074955,0,0.20593433
4.931086,0,0.2059846
4.895987,0,0.21121277
4.8986683,0,0.21059993
4.8910203,0,0.2105255
4.907877,0,0.20892633
4.8815684,0,0.21066363
4.894402,0,0.20815504
4.9335556,0,0.20638387
4.8285403,0,0.21778058
4.9002624,0,0.20898539
4.941337,0,0.20583321
4.936108,0,0.20357525
4.921757,0,0.20802467
4.9131227,0,0.20585485
4.908446,0,0.21083723
4.8953176,0,0.21359529
4.913345,0,0.21084358
4.918243,0,0.20773727
4.93558,0,0.20410034
4.912171,0,0.21163264
4.9049306,0,0.20882419
4.905871,0,0.20776926
4.890993,0,0.21198522
4.912194,0,0.20947152
4.9093823,0,0.20632784
4.8897614,0,0.21237859
4.917813,0,0.2052266
4.9258833,0,0.20330529
4.925319,0,0.20317051
4.917218,0,0.20759636
4.8896585,0,0.21045843
4.921347,0,0.20357454
4.8976755,0,0.2062173
4.9449754,0,0.20533775
4.927164,0,0.20778936
4.891332,0,0.20731126
4.893578,0,0.21045938
4.8914614,0,0.20566818
4.927968,0,0.19505018
4.9259686,0,0.19284034
4.9326234,0,0.19653518
4.898227,0,0.19806352
4.935132,0,0.19135195
4.9303946,0,0.18779093
4.9184356,0,0.1882333
4.8799376,0,0.1945986
4.8601556,0,0.20894307
4.945241,0,0.20332454
4.9447894,0,0.20043394
4.927983,0,0.20028001
4.9434466,0,0.19645405
4.9227834,0,0.20457087
4.9303145,0,0.2023829
4.9155154,0,0.19992651
4.897109,0,0.2043465
4.9168124,0,0.20438798
4.899758,0,0.20347711
4.8976254,0,0.2044298
4.9016833,0,0.20538595
4.8995214,0,0.20352834
4.9400735,0,0.1981469
4.8904037,0,0.20356339
4.8988585,0,0.20421225
4.9406424,0,0.20154993
4.945308,0,0.20010605
4.9406834,0,0.19746798
4.9129214,0,0.20371443
4.9212613,0,0.2032345
4.898227,0,0.2032661
4.9435344,0,0.20181231
4.9368186,0,0.2005811
4.917604,0,0.20914578
4.927416,0,0.19916707
4.920527,0,0.20459041
4.9386168,0,0.20184542
4.9344587,0,0.20249152
4.9328403,0,0.19257502
4.932779,0,0.19650643
4.9268637,0,0.1983892
4.926107,0,0.19485098
4.890298,0,0.19984655
4.9334846,0,0.19159772
4.9324474,0,0.19006254
4.8977914,0,0.19878735
4.8966413,0,0.1982754
4.930697,0,0.19487217
4.928001,0,0.20569514
4.8901877,0,0.20275748
4.9081664,0,0.19672976
4.9334216,0,0.19624554
4.9295588,0,0.19696206
4.924382,0,0.20177305
4.921589,0,0.20021538
4.9294453,0,0.1915091
4.9047227,0,0.20446254
4.9278708,0,0.19688419
4.9206386,0,0.20272249
4.92861,0,0.19180393
4.918216,0,0.19689535
4.825025,0,0.21802768
4.927529,0,0.20548838
4.884122,0,0.20823784
4.9189734,0,0.20851281
4.8274746,0,0.21836285
4.8857064,0,0.2102499
4.8892474,0,0.20848149
4.892911,0,0.2111901
4.894176,0,0.20870714
4.882568,0,0.20581084
4.878954,0,0.20704441
4.875428,0,0.20731594
4.9003153,0,0.20937607
4.907465,0,0.20444219
4.896033,0,0.20861617
4.877402,0,0.20681132
4.8858066,0,0.20912151
4.8917937,0,0.20755003
4.878842,0,0.20618738
4.878058,0,0.20577458
4.8965526,0,0.20741197
4.8955274,0,0.20729282
4.9412436,0,0.20474738
4.910274,0,0.20743126
4.9263997,0,0.20629573
4.921673,0,0.20603818
4.856959,0,0.2144234
4.9194293,0,0.20498471
4.9119515,0,0.20154814
4.8930845,0,0.2116832
4.904453,0,0.21231551
4.9111404,0,0.21115598
4.921462,0,0.20606093
4.910031,0,0.21064122
4.911781,0,0.20505655
4.906242,0,0.201464
4.9520564,0,0.20006098
4.9038105,0,0.2083289
4.9330416,0,0.20408042
4.9058576,0,0.20130607
4.9082985,0,0.20311628
4.9044294,0,0.19879569
4.911,0,0.20571862
4.9535484,0,0.1987023
4.9085364,0,0.20364437
4.9041867,0,0.20083481
4.9238014,0,0.20256872
4.93205,0,0.19445226
4.905937,0,0.20343342
4.904489,0,0.20217185
4.902262,0,0.20173943
4.9002624,0,0.20165528
4.903435,0,0.201422
4.9446464,0,0.19846267
4.9013324,0,0.19892506
4.9044623,0,0.19938934
4.912844,0,0.19654916
4.936259,0,0.1943943
4.9337306,0,0.19388495
4.90969,0,0.19590889
4.9244084,0,0.20004934
4.9354167,0,0.19409923
4.939938,0,0.19360083
4.9422913,0,0.19081266
4.944121,0,0.19514516
4.9237766,0,0.19744632
4.9479866,0,0.19768095
4.8221936,0,0.21654803
4.9198136,0,0.20350087
4.8950706,0,0.21059972
4.892545,0,0.20505443
4.9251313,0,0.20918065
4.8269663,0,0.21818624
4.9337153,0,0.20857233
4.938626,0,0.20987158
4.9360294,0,0.20791292
4.8965564,0,0.20645474
4.8094783,0,0.21862373
4.815471,0,0.22093415
4.883936,0,0.21278816
4.8977327,0,0.20861448
4.9055915,0,0.2075584
4.8782983,0,0.20834
4.8792577,0,0.21042289
4.8997188,0,0.21001044
4.877505,0,0.21158667
4.8759685,0,0.21038371
4.8780127,0,0.21029302
4.8775215,0,0.20984398
4.8787117,0,0.21239954
4.8982234,0,0.21061511
4.899347,0,0.2103169
4.8826914,0,0.20949079
4.8974056,0,0.21222463
4.908162,0,0.20870581
4.911983,0,0.20941631
4.897943,0,0.20809168
4.926279,0,0.20748056
4.9236264,0,0.20796855
4.923534,0,0.20664208
4.919232,0,0.20602784
4.886603,0,0.21157286
4.898191,0,0.2091454
4.888979,0,0.21060677
4.89949,0,0.20755981
4.871923,0,0.2083611
4.872395,0,0.20851213
4.9420953,0,0.20495452
4.896852,0,0.19740434
4.9230385,0,0.19109076
4.922891,0,0.19406614
4.9176908,0,0.19176
4.8844724,0,0.20106421
4.931559,0,0.18807542
4.923063,0,0.1909779
4.921843,0,0.19173178
4.879849,0,0.19158758
4.9069395,0,0.18899824
4.9047494,0,0.19689567
4.884725,0,0.202801
4.930797,0,0.19114128
4.8299775,0,0.21672215
4.9015107,0,0.20949033
4.915093,0,0.20533971
4.8921614,0,0.20994839
4.9253097,0,0.20588675
4.921329,0,0.21330881
4.894102,0,0.2115919
4.930662,0,0.20531477
4.940376,0,0.20770141
4.92704,0,0.2084943
4.8412127,0,0.21795139
4.9143157,0,0.2088187
4.902707,0,0.20668466
4.8254666,0,0.21719725
4.8199043,0,0.21756707
4.822655,0,0.21863028
4.927026,0,0.20725632
4.9319277,0,0.2082539
4.9007163,0,0.20992021
4.9121375,0,0.21363778
4.8778796,0,0.21103382
4.926534,0,0.21296287
4.927695,0,0.20377183
4.8933387,0,0.21133918
4.9272666,0,0.20476824
4.922562,0,0.20483048
4.906601,0,0.20859812
4.904255,0,0.20757353
4.878776,0,0.20828466
4.9106936,0,0.20766184
4.8971267,0,0.2103949
4.935964,0,0.20984514
4.933709,0,0.20650262
4.934994,0,0.20568413
4.815947,0,0.21879223
4.931193,0,0.20759623
4.926229,0,0.20799474
4.880694,0,0.21084383
4.9122,0,0.20586535
4.8662915,0,0.20977065
4.9222045,0,0.20487688
4.9105325,0,0.20632148
4.9275937,0,0.20413516
4.8859925,0,0.21233542
4.926063,0,0.20755382
4.9334416,0,0.20449163
4.8893876,0,0.21343003
4.7970986,0,0.2216628
4.874448,0,0.21828298
4.879969,0,0.2156375
4.8842273,0,0.21411417
4.878432,0,0.21265444
4.884185,0,0.21395731
4.924363,0,0.2122886
4.929093,0,0.21026492
4.9085736,0,0.2122248
4.9007325,0,0.21188526
4.87897,0,0.21462813
4.9084864,0,0.21288884
4.8801894,0,0.21448676
4.934148,0,0.21081579
4.881561,0,0.21349092
4.935694,0,0.21059883
4.932968,0,0.20931825
4.922596,0,0.21166733
4.9230742,0,0.20848732
4.8969703,0,0.20921384
4.9111342,0,0.21097219
4.89058,0,0.21468209
4.89385,0,0.21200545
4.894691,0,0.2085365
4.874211,0,0.21219525
4.8853917,0,0.21119854
4.934112,0,0.20856884
4.9350505,0,0.20813835
4.884715,0,0.21387847
4.8825674,0,0.20908234
4.8824687,0,0.20048794
4.8871527,0,0.19943023
4.8923106,0,0.20289423
4.9324846,0,0.19211113
4.9359584,0,0.19637388
4.881287,0,0.20077914
4.882191,0,0.20022999
4.9272275,0,0.19053663
4.935314,0,0.19055821
4.9099145,0,0.19505475
4.9088244,0,0.20009102
4.9290433,0,0.18769956
4.9363217,0,0.18961829
4.8807216,0,0.19708423
4.9219446,0,0.19561803
4.8753414,0,0.1921628
4.9103923,0,0.19469759
4.9146366,0,0.19428825
4.8871465,0,0.20511283
4.9250774,0,0.18745595
4.911496,0,0.1931295
4.940272,0,0.19512676
4.9215584,0,0.19137257
4.923225,0,0.18736587
4.885592,0,0.20386234
4.885272,0,0.20220101
4.9344306,0,0.19244717
4.885204,0,0.20190111
4.888307,0,0.20328867
4.847024,0,0.21820122
4.9245634,0,0.19519977
4.8765783,0,0.2008211
4.9167047,0,0.19619942
4.8913426,0,0.19910973
4.890104,0,0.1960602
4.872531,0,0.191102
4.904366,0,0.19288723
4.8984933,0,0.19442795
4.9272733,0,0.19260122
4.911813,0,0.19544302
4.8980107,0,0.20264427
4.9262233,0,0.19804947
4.9021277,0,0.20291515
4.9006534,0,0.20654523
4.941874,0,0.19715853
4.9403105,0,0.2008558
4.946982,0,0.20191824
4.9174128,0,0.19803922
4.942541,0,0.19663015
4.9022064,0,0.2066211
4.8946285,0,0.2027083
4.895413,0,0.2020419
4.908674,0,0.19547404
4.8980107,0,0.2018243
4.9379306,0,0.19641007
4.932489,0,0.2003391
4.9491997,0,0.20238884
4.946021,0,0.19839169
4.9396186,0,0.19208762
4.900981,0,0.2015309
4.8977456,0,0.20163676
4.9331713,0,0.20099954
4.939402,0,0.19548596
4.9165387,0,0.20047767
4.943071,0,0.19813843
4.898351,0,0.2027056
4.937781,0,0.19561982
4.919724,0,0.19311282
4.9432187,0,0.19737892
4.9136167,0,0.19499642
4.9251714,0,0.19781026
4.9382067,0,0.19835706
4.891587,0,0.20067738
4.888246,0,0.20202175
4.9272475,0,0.19531539
4.9079804,0,0.2023164
4.9318414,0,0.19529189
4.9246936,0,0.1952527
4.896532,0,0.20356023
4.8859267,0,0.20081437
4.890032,0,0.20028651
4.8897853,0,0.19995064
4.8903403,0,0.19986674
4.8907695,0,0.19981015
4.8898854,0,0.1998612
4.8910093,0,0.19955988
4.925118,0,0.19471133
4.892488,0,0.19856773
4.893232,0,0.19819212
4.89237,0,0.19811249
4.893067,0,0.19808362
4.904618,0,0.19557992
4.895058,0,0.1976774
4.893906,0,0.1975826
4.893776,0,0.19728035
4.8931985,0,0.19731851
4.893992,0,0.19704136
4.893742,0,0.1967349
4.894993,0,0.19633709
4.885822,0,0.19371708
4.8870826,0,0.19396894
4.8869295,0,0.19419892
4.8871627,0,0.1940381
4.8865504,0,0.19436115
4.88679,0,0.19408691
4.8865385,0,0.19385768
4.8871136,0,0.19343811
4.833734,0,0.18885154
4.833053,0,0.18868926
4.831755,0,0.18945226
4.8332143,0,0.18903652
4.8332314,0,0.18900967
4.841632,0,0.19096258
4.8338356,0,0.18902454
4.835357,0,0.19027777
4.8391995,0,0.19102
4.807009,0,0.18911171
4.8049436,0,0.18878818
4.800798,0,0.18723765
4.804486,0,0.18844908
4.803092,0,0.18810168
4.798863,0,0.18855965
4.7976246,0,0.18853538
4.800719,0,0.18928438
4.7965894,0,0.18825953
4.79717,0,0.1884003
4.797829,0,0.18838513
4.914548,0,0.1843551
4.8698297,0,0.1930009
4.862947,0,0.19209974
4.8644433,0,0.19182748
4.8646975,0,0.19185302
4.866393,0,0.19258095
4.866101,0,0.19291103
4.867107,0,0.19310932
4.864367,0,0.19204912
4.8802867,0,0.18912539
4.8691382,0,0.19235978
4.836905,0,0.21136472
4.904576,0,0.20451969
4.9189315,0,0.20412284
4.924227,0,0.20401356
4.9055524,0,0.20511508
4.9257693,0,0.20243932
4.9047785,0,0.20283617
4.919596,0,0.20018873
4.9042416,0,0.20427248
4.904597,0,0.20462367
4.933867,0,0.19743542
4.899819,0,0.20179904
4.90367,0,0.20406243
4.904408,0,0.20463273
4.92049,0,0.20053612
4.9457183,0,0.2009917
4.865454,0,0.21024512
4.94124,0,0.20063744
4.9007916,0,0.20677081
4.900877,0,0.20482576
4.919001,0,0.20166777
4.905334,0,0.20512271
4.901228,0,0.20539355
4.922952,0,0.19919334
4.928324,0,0.20343697
4.93145,0,0.1987667
4.8973556,0,0.20348711
4.906648,0,0.20282242
4.9008727,0,0.20734939
4.9161563,0,0.20478491
4.9090147,0,0.201744
4.943704,0,0.19061604
4.913016,0,0.19859345
4.9519134,0,0.19341311
4.903556,0,0.20037243
4.9045157,0,0.20051911
4.948939,0,0.19205049
4.9274545,0,0.19420612
4.9045415,0,0.20072939
4.9443946,0,0.19078736
4.9099283,0,0.20168392
4.905803,0,0.20122229
4.9078307,0,0.20111029
4.904453,0,0.20233518
4.903131,0,0.19990039
4.905622,0,0.19768767
4.9248023,0,0.18768074
4.9015565,0,0.19512218
4.9171696,0,0.19239712
4.897403,0,0.19762589
4.8939986,0,0.19627216
4.9230647,0,0.19373636
4.8991203,0,0.20175356
4.915542,0,0.1986237
4.891779,0,0.19593135
4.932669,0,0.19569248
4.930245,0,0.1943733
4.9001536,0,0.19825135
4.9106073,0,0.20395012
4.8957305,0,0.20074983
4.9296613,0,0.20104001
4.943543,0,0.19687705
4.9383016,0,0.19389607
4.8958187,0,0.20109822
4.9025574,0,0.20087124
4.9217486,0,0.19453527
4.896201,0,0.2021182
4.9294486,0,0.19961844
4.9205937,0,0.19488719
4.9385333,0,0.19601572
4.927547,0,0.19819571
4.898872,0,0.20178112
4.940147,0,0.19323269
4.9233603,0,0.19921486
4.9340253,0,0.1997301
4.934319,0,0.1926864
4.822171,0,0.21514088
4.9242377,0,0.207347
4.8991094,0,0.21010886
4.922175,0,0.20822039
4.935675,0,0.2020098
4.8391232,0,0.21595345
4.915322,0,0.2053208
4.905667,0,0.20990904
4.8889728,0,0.20565109
4.8903527,0,0.20564358
4.9362006,0,0.20491055
4.8828034,0,0.20884113
4.930594,0,0.20304163
4.9032097,0,0.2071804
4.9364953,0,0.20555006
4.935188,0,0.20634305
4.9129996,0,0.20429045
4.906198,0,0.20669848
4.902535,0,0.20442218
4.8927755,0,0.20891014
4.895887,0,0.20867378
4.9135585,0,0.20619775
4.9084353,0,0.20888963
4.8891215,0,0.20868655
4.819734,0,0.21725558
4.8882737,0,0.2075102
4.9373865,0,0.20154142
4.910638,0,0.20353483
4.9362087,0,0.2028852
4.913611,0,0.20468718
4.9217954,0,0.20600195
4.8795996,0,0.21052758
4.919246,0,0.20596531
4.8914523,0,0.21092564
4.9158955,0,0.20631441
4.890338,0,0.20753027
4.894385,0,0.20903838
4.892323,0,0.20965163
4.9347296,0,0.20320581
4.850281,0,0.21836554
4.938262,0,0.20681085
4.91034,0,0.2055825
4.933832,0,0.20332664
4.8890877,0,0.21073535
4.911493,0,0.21109615
4.918242,0,0.20766266
4.915198,0,0.20677304
4.941321,0,0.20635115
4.910938,0,0.20917809
4.8865876,0,0.2127438
4.9234214,0,0.20718892
4.880169,0,0.21055283
4.937674,0,0.20773557
4.9043493,0,0.2118165
4.9459124,0,0.19879247
4.889462,0,0.19800368
4.932635,0,0.19867952
4.938129,0,0.19731568
4.890694,0,0.19843803
4.895886,0,0.20018768
4.866076,0,0.20849538
4.914287,0,0.20389456
4.9211373,0,0.19802512
4.943679,0,0.19982684
4.901834,0,0.2036234
4.9385104,0,0.19735368
4.897406,0,0.20158146
4.903442,0,0.20157848
4.9366155,0,0.19715087
4.937836,0,0.19540706
4.9428196,0,0.19509652
4.890959,0,0.19970031
4.8999777,0,0.2036402
4.931033,0,0.20020127
4.943558,0,0.20102878
4.9024224,0,0.20542169
4.928475,0,0.19691205
4.9429607,0,0.19803584
4.944822,0,0.19627367
4.9349427,0,0.20078318
4.9458113,0,0.19482495
4.914512,0,0.19981623
4.9428773,0,0.19502129
4.9433513,0,0.19830835
4.9158015,0,0.20096071
4.9422293,0,0.19846259
4.929897,0,0.20057672
4.926183,0,0.1949305
4.9384303,0,0.19536944
4.916818,0,0.20172095
4.8919787,0,0.20197581
4.9158974,0,0.19745608
4.9152226,0,0.19758739
4.8971133,0,0.20179956
4.891576,0,0.20044787
4.925263,0,0.19468988
4.9006314,0,0.20776124
4.929135,0,0.19816346
4.9452376,0,0.199728
4.904002,0,0.20790027
4.9339957,0,0.19566119
4.92077,0,0.19084775
4.9014363,0,0.20499764
4.8975196,0,0.20468043
4.9358344,0,0.19294263
4.89264,0,0.201996
4.9402685,0,0.19616266
4.908639,0,0.20333657
4.912229,0,0.20516357
4.9369287,0,0.19594052
4.90171,0,0.20850049
4.9283366,0,0.193715
4.9226274,0,0.18910497
4.9150987,0,0.18860148
4.8842053,0,0.19717087
4.898193,0,0.20628996
4.9107146,0,0.20362625
4.894194,0,0.2023512
4.919806,0,0.19637
4.93539,0,0.19512446
4.927486,0,0.19712959
4.9345117,0,0.19291726
4.924051,0,0.19239913
4.9142456,0,0.19527932
4.932289,0,0.19328345
4.9208,0,0.19428627
4.929605,0,0.19659886
4.914103,0,0.20578459
4.881235,0,0.19897129
4.9157734,0,0.19750929
4.9191785,0,0.19341514
4.8942595,0,0.2038979
4.9392247,0,0.1937845
4.9036345,0,0.20121661
4.940089,0,0.19351201
4.937305,0,0.19917485
4.925316,0,0.19193374
4.886167,0,0.19869147
4.890694,0,0.2007616
4.9181194,0,0.19310965
4.893557,0,0.20335203
4.935152,0,0.19781297
4.9422636,0,0.19897623
4.935777,0,0.19566329
4.937713,0,0.20053276
4.9096084,0,0.1967546
4.934029,0,0.19369507
4.934567,0,0.2010337
4.7816567,0,0.22258049
4.87609,0,0.21351473
4.9039693,0,0.21046317
4.904614,0,0.20962024
4.883881,0,0.21050751
4.9316697,0,0.20560923
4.836283,0,0.22041799
4.933146,0,0.20743737
4.8912554,0,0.21245532
4.897532,0,0.21170035
4.896231,0,0.20886865
4.931685,0,0.2109532
4.8948116,0,0.21225664
4.8834996,0,0.2141168
4.9134855,0,0.20886046
4.894407,0,0.21362013
4.8877354,0,0.21600088
4.8814597,0,0.21481465
4.891584,0,0.21394444
4.899401,0,0.20979144
4.935514,0,0.20891114
4.909448,0,0.211402
4.888675,0,0.21271887
4.934811,0,0.20863207
4.890774,0,0.21271333
4.90939,0,0.21015455
4.876678,0,0.21258028
4.9085746,0,0.20977898
4.9223127,0,0.20946543
4.937572,0,0.2100471
4.901363,0,0.20228834
4.9419646,0,0.1929181
4.8976364,0,0.19948603
4.946975,0,0.19769582
4.895711,0,0.19993019
4.9431977,0,0.19318384
4.937919,0,0.19973336
4.9119563,0,0.1976774
4.9326215,0,0.19426559
4.887325,0,0.20502412
4.9290895,0,0.19586907
4.9156823,0,0.19424888
4.909148,0,0.19541581
4.9116697,0,0.19585465
4.8895545,0,0.20376019
4.911168,0,0.2044919
4.9165263,0,0.19369201
4.8899837,0,0.20332903
4.8898945,0,0.20570368
4.9372277,0,0.19552378
4.9314704,0,0.19266841
4.9107776,0,0.2002885
4.92514,0,0.19533922
4.926392,0,0.19677596
4.888452,0,0.20611341
4.930178,0,0.19741337
4.9277425,0,0.19578357
4.9274664,0,0.19595976
4.8904305,0,0.20518091
4.932307,0,0.19737493
4.8865895,0,0.20527487
4.8861704,0,0.2037742
4.8860826,0,0.20373946
4.887936,0,0.20357199
4.8873544,0,0.20345475
4.888926,0,0.20358205
4.890438,0,0.203167
4.9126835,0,0.19682664
4.8954587,0,0.20383027
4.924927,0,0.19096717
4.9154944,0,0.19251435
4.9287815,0,0.18976177
4.932526,0,0.19019711
4.926685,0,0.19372885
4.916467,0,0.1937238
4.9277697,0,0.1887089
4.9382577,0,0.18966822
4.892047,0,0.19928735
4.9243836,0,0.18677476
4.915381,0,0.1913647
4.914225,0,0.19300611
4.8885684,0,0.19770218
4.9245276,0,0.1930131
4.9368215,0,0.18921262
4.8839936,0,0.19637954
4.9124393,0,0.18996695
4.8944798,0,0.19872896
4.926448,0,0.18885219
4.9225416,0,0.19164805
4.926558,0,0.19057399
4.880391,0,0.20733057
4.880274,0,0.1980954
4.8928933,0,0.2034627
4.9321914,0,0.19172467
4.9310794,0,0.19098225
4.9226317,0,0.19425009
4.9311657,0,0.19339378
4.9273477,0,0.19811845
4.9210224,0,0.18960136
4.8877954,0,0.2078755
4.9105134,0,0.19843625
4.916817,0,0.194606
4.9228053,0,0.19221178
4.915625,0,0.19996646
4.8758464,0,0.19993503
4.8769155,0,0.19816774
4.925258,0,0.19336645
4.8795395,0,0.19740686
4.893676,0,0.19299404
4.9232984,0,0.19316165
4.8808618,0,0.19673659
4.926381,0,0.1933109
4.931275,0,0.19394879
4.8870687,0,0.19664389
4.9106297,0,0.19004363
4.9070663,0,0.19667132
4.9167705,0,0.19777136
4.921811,0,0.19412477
4.905494,0,0.19073793
4.905048,0,0.19033428
4.9225965,0,0.19089687
4.814462,0,0.21504596
4.904663,0,0.20562758
4.900531,0,0.20778494
4.8919525,0,0.20668867
4.9027677,0,0.20872226
4.869291,0,0.21572796
4.9354005,0,0.20701508
4.8950934,0,0.20533676
4.937489,0,0.20493697
4.920164,0,0.20358516
4.8934026,0,0.20434456
4.9196973,0,0.20629267
4.9093556,0,0.20711735
4.856499,0,0.21183638
4.924216,0,0.20238122
4.942385,0,0.2039793
4.8462434,0,0.21532412
4.9379935,0,0.20681782
4.89237,0,0.20768483
4.915116,0,0.20691563
4.889508,0,0.20993155
4.891771,0,0.21273756
4.8918386,0,0.20828833
4.9082866,0,0.20511878
4.937718,0,0.20374267
4.9026756,0,0.20818949
4.9389687,0,0.20430502
4.917296,0,0.20761406
4.8933783,0,0.21144588
4.896069,0,0.20603335
4.9105153,0,0.20394014
4.947137,0,0.2017106
4.9437833,0,0.20209157
4.9425306,0,0.20045666
4.8971896,0,0.20644774
4.942772,0,0.20598164
4.8980055,0,0.20608473
4.933016,0,0.19909629
4.92952,0,0.20198157
4.8974786,0,0.20589858
4.9044795,0,0.20590691
4.8973002,0,0.20546184
4.8981743,0,0.2056849
4.8990474,0,0.20461453
4.947454,0,0.20162727
4.8961406,0,0.20278753
4.9394474,0,0.19541916
4.927707,0,0.19205366
4.9422555,0,0.19604075
4.9153724,0,0.1992051
4.907845,0,0.20209092
4.895206,0,0.20699933
4.927967,0,0.19384953
4.937181,0,0.19496635
4.934745,0,0.1964307
4.937491,0,0.19298553
4.8787003,0,0.20417483
4.8954577,0,0.20409085
4.8748727,0,0.20438118
4.9095607,0,0.20221576
4.894305,0,0.20316131
4.876001,0,0.20471601
4.8112197,0,0.215233
4.9386897,0,0.20885828
4.909199,0,0.20849293
4.9073753,0,0.21107644
4.9208155,0,0.20498769
4.925452,0,0.20813814
4.9136357,0,0.20788664
4.9014573,0,0.21024649
4.873344,0,0.20988198
4.9316554,0,0.2072897
4.8921494,0,0.21487786
4.912212,0,0.2105595
4.9076595,0,0.2119638
4.9116325,0,0.20955138
4.89039,0,0.21081363
4.8903384,0,0.21000963
4.8936257,0,0.21197824
4.820047,0,0.21871397
4.887942,0,0.21180928
4.9112067,0,0.20897546
4.898142,0,0.20909354
4.881809,0,0.21272531
4.8808093,0,0.21183492
4.9060497,0,0.20816529
4.881478,0,0.20722902
4.932168,0,0.20577183
4.887239,0,0.20683283
4.9370227,0,0.20761752
4.9360166,0,0.20644164
4.8729463,0,0.20818026
4.9054017,0,0.2089615
4.890137,0,0.20697007
4.890216,0,0.20902544
4.9325414,0,0.20370513
4.940133,0,0.20575948
4.892497,0,0.20830825
4.933604,0,0.20739543
4.9110503,0,0.20733778
4.936763,0,0.20354949
4.901829,0,0.20782278
4.924518,0,0.20625855
4.9290814,0,0.20261198
4.886894,0,0.20774618
4.9167633,0,0.2090706
4.890022,0,0.21083526
4.8906426,0,0.20848688
4.890576,0,0.20961413
4.907678,0,0.19637203
4.8935804,0,0.19604169
4.9145436,0,0.19377509
4.9347987,0,0.19195391
4.9038196,0,0.20279244
4.9158406,0,0.19694105
4.936514,0,0.19152535
4.8289456,0,0.21549769
4.933782,0,0.20510529
4.916934,0,0.20833844
4.942521,0,0.20288403
4.9352856,0,0.20286117
4.91275,0,0.20662934
4.916347,0,0.2068521
4.926367,0,0.20672065
4.8908963,0,0.2081231
4.9281507,0,0.20416558
4.9124002,0,0.20583215
4.925671,0,0.20115983
4.902866,0,0.20541705
4.885513,0,0.21038418
4.915397,0,0.20591803
4.8943458,0,0.20799424
4.9453177,0,0.20516983
4.937257,0,0.20089819
4.917025,0,0.20548247
4.9389076,0,0.20122568
4.8983655,0,0.20891073
4.9167323,0,0.20460643
4.897626,0,0.20748195
4.915543,0,0.2048414
4.9216924,0,0.20279016
4.9162993,0,0.20701271
4.9183817,0,0.21496212
4.8787203,0,0.20784715
4.883349,0,0.2095706
4.9335876,0,0.20696431
4.887955,0,0.19806962
4.9261475,0,0.18930788
4.891458,0,0.19718161
4.88079,0,0.19909501
4.8776927,0,0.19772212
4.878316,0,0.19765902
4.8791533,0,0.19280018
4.9269757,0,0.1879862
4.9268374,0,0.1906913
4.9289737,0,0.19316797
4.911944,0,0.19616273
4.8836913,0,0.19889596
4.8921704,0,0.19408259
4.8844075,0,0.2000224
4.9165425,0,0.1927234
4.927325,0,0.19402108
4.8961234,0,0.19596262
4.8815637,0,0.19965567
4.8938317,0,0.19876647
4.8920164,0,0.19896957
4.8846974,0,0.1984563
4.925677,0,0.19370003
4.9171863,0,0.19266532
4.885229,0,0.19894448
4.92996,0,0.19408184
4.924109,0,0.19300075
4.9350123,0,0.19583893
4.9149995,0,0.19536524
4.918146,0,0.1951836
4.928268,0,0.19575173
4.9003873,0,0.19338764
4.895424,0,0.20434844
4.9006124,0,0.2035969
4.8931165,0,0.2024682
4.897516,0,0.20154017
4.8976073,0,0.20290042
4.8949428,0,0.20279357
4.941855,0,0.19767088
4.9356484,0,0.20011003
4.9429326,0,0.19469093
4.9053016,0,0.2021229
4.896893,0,0.20149389
4.894148,0,0.20322731
4.8218765,0,0.21765205
4.873959,0,0.20924528
4.9293547,0,0.20603529
4.879066,0,0.2111355
4.8915544,0,0.2092558
4.9321036,0,0.20388013
4.919361,0,0.21024242
4.8474016,0,0.21778491
4.915625,0,0.20843561
4.8996406,0,0.20896058
4.8801603,0,0.21248399
4.924658,0,0.20962523
4.899117,0,0.20915726
4.8912716,0,0.2090388
4.889859,0,0.20891017
4.892162,0,0.20864412
4.9104567,0,0.20854692
4.8807473,0,0.20755804
4.926562,0,0.2116976
4.89961,0,0.20835315
4.881528,0,0.20789765
4.893445,0,0.20626493
4.897255,0,0.21008953
4.917583,0,0.20736799
4.8358455,0,0.21710785
4.9094605,0,0.21039684
4.9371457,0,0.2067451
4.8839145,0,0.21029045
4.935252,0,0.20753652
4.9287257,0,0.20384997
4.940655,0,0.20159507
4.934802,0,0.20337439
4.9414077,0,0.20659146
4.936598,0,0.20584789
4.9356427,0,0.20227358
4.8986735,0,0.21059453
4.9421144,0,0.20421834
4.943749,0,0.20327581
4.8963037,0,0.20733635
4.9444633,0,0.20631923
4.9323697,0,0.20644324
4.8756356,0,0.20663558
4.9423757,0,0.20492023
4.9036427,0,0.20964254
4.9371853,0,0.20348682
4.890451,0,0.20975354
4.8925934,0,0.21081129
4.9217052,0,0.20672955
4.9376087,0,0.2070284
4.9087596,0,0.20849065
4.910705,0,0.20685138
4.922163,0,0.20844622
4.9297657,0,0.20357265
4.8802695,0,0.20756811
4.9373426,0,0.19711809
4.923061,0,0.19698514
4.9181843,0,0.19628389
4.867862,0,0.20461516
4.9281225,0,0.20441501
4.881574,0,0.20040257
4.932499,0,0.19967188
4.9178543,0,0.20346706
4.918424,0,0.20335154
4.932658,0,0.20328614
4.9285846,0,0.2030258
4.89187,0,0.20592268
4.901796,0,0.20365109
4.904288,0,0.20644374
4.8907456,0,0.20104583
4.9142175,0,0.20241147
4.897863,0,0.20549892
4.9224668,0,0.19883212
4.862407,0,0.20745859
4.9022813,0,0.20803408
4.923099,0,0.19850937
4.89922,0,0.20473874
4.913864,0,0.20752531
4.9277725,0,0.2029163
4.822145,0,0.21492182
4.851298,0,0.22132748
4.9258294,0,0.20335735
4.9346066,0,0.20332626
4.9328084,0,0.20688269
4.933518,0,0.202134
4.919884,0,0.20515677
4.887858,0,0.21114214
4.8876424,0,0.21210882
4.888737,0,0.2094507
4.8819222,0,0.21006335
4.9085655,0,0.2078605
4.884005,0,0.20997049
4.9406376,0,0.20516144
4.911368,0,0.20816712
4.9175315,0,0.20923054
4.9386425,0,0.201533
4.9286075,0,0.20756659
4.9163003,0,0.20886895
4.9226413,0,0.20634499
4.9138274,0,0.21292254
4.8889737,0,0.20680888
4.9142733,0,0.20541234
4.8733315,0,0.20635307
4.875215,0,0.2056206
4.9238167,0,0.20638765
4.9373116,0,0.20680822
4.8909125,0,0.20924258
4.890145,0,0.20622058
4.8953056,0,0.21181016
4.935193,0,0.19973265
4.912803,0,0.19555855
4.9277787,0,0.19137856
4.9243484,0,0.19030917
4.900335,0,0.19719157
4.9306016,0,0.19078217
4.8910527,0,0.20068544
4.92289,0,0.19028278
4.9220204,0,0.19314171
4.881254,0,0.20049077
4.936149,0,0.19226725
4.9197288,0,0.19489828
4.9295425,0,0.19622858
4.927365,0,0.19550794
4.888524,0,0.20537958
4.9269133,0,0.19709297
4.920649,0,0.19716614
4.918567,0,0.18895787
4.908958,0,0.19789381
4.9283977,0,0.19553174
4.927509,0,0.18987021
4.9241357,0,0.1954451
4.8716836,0,0.19571586
4.8832326,0,0.20065223
4.920217,0,0.1907808
4.899341,0,0.19685012
4.885902,0,0.20214589
4.882066,0,0.20093167
4.841846,0,0.21346138
4.9092717,0,0.20446603
4.917919,0,0.2030638
4.8955197,0,0.20513622
4.929072,0,0.20193493
4.9306107,0,0.20072035
4.897989,0,0.21095787
4.9416265,0,0.20524211
4.9214954,0,0.20413761
4.92318,0,0.20633464
4.922671,0,0.2056508
4.828702,0,0.21800719
4.9339995,0,0.20206039
4.9097104,0,0.21136923
4.912383,0,0.20802495
4.9266214,0,0.21138471
4.927997,0,0.20190658
4.937391,0,0.20190911
4.824696,0,0.21808068
4.8871207,0,0.20999782
4.8878946,0,0.2098783
4.894914,0,0.2037757
4.897777,0,0.20908333
4.9290924,0,0.20265111
4.8911433,0,0.2097754
4.896439,0,0.20750871
4.9324775,0,0.2017221
4.931134,0,0.20478266
4.8901134,0,0.20988476
4.9107594,0,0.2044782
4.929548,0,0.20240548
4.912167,0,0.2102665
4.9054933,0,0.20773207
4.8484893,0,0.22396317
4.8964753,0,0.20894776
4.901652,0,0.20627488
4.893603,0,0.20877574
4.9296656,0,0.2050172
4.929359,0,0.20306288
4.913038,0,0.20495196
4.9067435,0,0.20572342
4.893495,0,0.20686054
4.93325,0,0.20712326
4.8932686,0,0.21361813
4.9375978,0,0.20716754
4.916628,0,0.21015812
4.9261475,0,0.20515028
4.9292607,0,0.20576003
4.911403,0,0.20548247
4.89988,0,0.20418029
4.9001546,0,0.20409606
4.900531,0,0.20378464
4.9007525,0,0.20350243
4.901173,0,0.2032349
4.9446173,0,0.20039901
4.9017973,0,0.20365758
4.9024043,0,0.2033456
4.902727,0,0.2029846
4.9026093,0,0.20289622
4.9053264,0,0.2032393
4.904942,0,0.20275182
4.9081416,0,0.20476165
4.946327,0,0.19651344
4.928747,0,0.19206645
4.8801684,0,0.19585426
4.8800445,0,0.19249229
4.928591,0,0.1908634
4.913923,0,0.19321197
4.92514,0,0.19590633
4.920396,0,0.19200458
4.8925567,0,0.19891904
4.885705,0,0.19658057
4.907527,0,0.19073808
4.8851876,0,0.19539772
4.842961,0,0.21215571
4.941652,0,0.19813317
4.906078,0,0.1996128
4.88489,0,0.20058861
4.900272,0,0.20343058
4.946181,0,0.20147689
4.9079013,0,0.20820104
4.895264,0,0.2082425
4.9162936,0,0.20414582
4.9181886,0,0.20345888
4.9148555,0,0.20648003
4.928325,0,0.203713
4.9151244,0,0.20613569
4.8872495,0,0.20639092
4.9346747,0,0.20411722
4.9424796,0,0.20317389
4.941213,0,0.20790286
4.941382,0,0.20487642
4.922144,0,0.20626184
4.924453,0,0.20534253
4.906141,0,0.20475554
4.9033356,0,0.20890215
4.898379,0,0.20995209
4.8953185,0,0.20810546
4.9419403,0,0.20352417
4.9404807,0,0.20138194
4.9057355,0,0.20698568
4.8311534,0,0.21542172
4.889673,0,0.20639034
4.890043,0,0.20927313
4.8970017,0,0.20800035
4.9099503,0,0.20587352
4.929991,0,0.20716336
4.8922615,0,0.2079288
4.9152617,0,0.20638591
4.926543,0,0.20486486
4.9250126,0,0.2048892
4.894719,0,0.20871587
4.9213786,0,0.2050283
4.9238267,0,0.20296699
4.912652,0,0.20504442
4.898544,0,0.20834117
4.9140067,0,0.20741649
4.9153347,0,0.208582
4.937891,0,0.204401
4.8939357,0,0.2086963
4.9145217,0,0.20509796
4.9065967,0,0.21018998
4.930184,0,0.20221101
4.9218407,0,0.20249861
4.9372354,0,0.20239668
4.9408603,0,0.20141934
4.940673,0,0.2008515
4.893181,0,0.20646216
4.9318485,0,0.20134121
4.939652,0,0.20435053
4.9319916,0,0.20503403
4.8972554,0,0.20179062
4.8754363,0,0.20910527
4.897159,0,0.20300657
4.9335227,0,0.19478428
4.9355965,0,0.1928782
4.922004,0,0.20121902
4.9013896,0,0.20086075
4.930106,0,0.20070295
4.894151,0,0.20176327
4.903432,0,0.20006323
4.8934855,0,0.20273344
4.902182,0,0.19865704
4.890154,0,0.19786465
4.9370446,0,0.19720532
4.9232087,0,0.2030801
4.920115,0,0.20358244
4.9156356,0,0.20294775
4.8892083,0,0.20240195
4.89268,0,0.19913785
4.939408,0,0.19777077
4.9288154,0,0.19120029
4.885035,0,0.19825634
4.9257154,0,0.193984
4.912584,0,0.19452323
4.837116,0,0.21585916
4.8935905,0,0.20513216
4.899153,0,0.20767805
4.913586,0,0.2055183
4.9074416,0,0.20597062
4.9236903,0,0.20316981
4.9089303,0,0.20718777
4.9450626,0,0.2006192
4.9151936,0,0.20377499
4.9402843,0,0.20036879
4.923387,0,0.20527788
4.9451547,0,0.20399037
4.8858695,0,0.20583299
4.947914,0,0.20528278
4.8988357,0,0.2072102
4.9155664,0,0.2048262
4.8976345,0,0.20718239
4.8942876,0,0.20853288
4.926165,0,0.2058302
4.9412417,0,0.20081142
4.9176617,0,0.20424268
4.8950477,0,0.20807296
4.908076,0,0.20610243
4.94532,0,0.20070535
4.9401746,0,0.20364888
4.9417243,0,0.20455258
4.8959594,0,0.20837945
4.9445076,0,0.20493528
4.8931527,0,0.20476721
4.8939743,0,0.20723067
4.9195867,0,0.19100864
4.9218063,0,0.18812823
4.9054313,0,0.19430336
4.8772,0,0.19935538
4.9168735,0,0.19311696
4.8754163,0,0.20091952
4.916763,0,0.18847193
4.9138727,0,0.18580668
4.874958,0,0.19907019
4.8818307,0,0.19903934
4.9151773,0,0.19059105
4.9161696,0,0.19079341
4.8843036,0,0.19789381
4.880879,0,0.1980808
4.815202,0,0.21459606
4.931334,0,0.2036096
4.9428353,0,0.20342079
4.926723,0,0.20626135
4.8814216,0,0.20749386
4.881996,0,0.20698188
4.8971696,0,0.2081824
4.919298,0,0.20463434
4.923001,0,0.20402075
4.838174,0,0.21272182
4.9068074,0,0.20542498
4.9447346,0,0.20061193
4.869557,0,0.2209896
4.929429,0,0.20737492
4.8986397,0,0.21271425
4.9269943,0,0.20868549
4.9454837,0,0.20300129
4.9005294,0,0.21357295
4.9367824,0,0.20395137
4.949003,0,0.20981027
4.9490657,0,0.20749739
4.8920937,0,0.21479616
4.8920035,0,0.2154662
4.9428306,0,0.20257066
4.9466057,0,0.2074219
4.9178615,0,0.20807756
4.9278216,0,0.21170422
4.8917346,0,0.21398261
4.9374013,0,0.20866717
4.895922,0,0.21529907
4.8955064,0,0.21545693
4.936534,0,0.20862202
4.9166718,0,0.20731361
4.944041,0,0.20672193
4.9256597,0,0.20942432
4.8966146,0,0.21486676
4.9300914,0,0.2044766
4.9140286,0,0.207287
4.9338946,0,0.20512354
4.9304485,0,0.20625004
4.9319015,0,0.19976655
4.906161,0,0.20599946
4.931768,0,0.19859731
4.940507,0,0.19458102
4.9252696,0,0.20152886
4.8955336,0,0.20676067
4.9139333,0,0.20675798
4.895063,0,0.20446917
4.8948956,0,0.2067681
4.9247727,0,0.19618405
4.937306,0,0.1932513
4.9273553,0,0.20116678
4.934071,0,0.19662209
4.891703,0,0.20158893
4.9148583,0,0.19633704
4.8921375,0,0.20021202
4.9393516,0,0.19461273
4.8923306,0,0.20098625
4.894401,0,0.20089515
4.889606,0,0.20094115
4.895869,0,0.1982816
4.8980823,0,0.20137107
4.934398,0,0.20207533
4.9281,0,0.19153553
4.9307017,0,0.19746095
4.9391427,0,0.2007111
4.936231,0,0.19819325
4.89667,0,0.20401514
4.9214063,0,0.19329509
4.888785,0,0.19911963
4.923886,0,0.19113353
4.9252048,0,0.1907763
4.907359,0,0.2015917
4.8834558,0,0.20050606
4.9285774,0,0.19010793
4.936444,0,0.19494386
4.9133,0,0.19767168
4.932634,0,0.18941648
4.931865,0,0.19584334
4.927502,0,0.1921449
4.92672,0,0.19234015
4.903893,0,0.19874595
4.901633,0,0.19572005
4.8375163,0,0.2137605
4.934871,0,0.2013559
4.898833,0,0.20583089
4.9117813,0,0.20600617
4.9234924,0,0.20283288
4.8991632,0,0.20734471
4.8983617,0,0.20857778
4.895499,0,0.20736903
4.932194,0,0.20537014
4.8995247,0,0.20660742
4.9138284,0,0.2039601
4.9355893,0,0.20100088
4.897351,0,0.2064665
4.944012,0,0.2036519
4.9441276,0,0.2027935
4.8946433,0,0.20718732
4.895012,0,0.20578657
4.9103675,0,0.20447679
4.9428315,0,0.2011207
4.94167,0,0.20214215
4.917064,0,0.20533137
4.9397902,0,0.200241
4.9413943,0,0.19956122
4.937507,0,0.20275576
4.9364715,0,0.20258816
4.9303355,0,0.20367378
4.933786,0,0.20068797
4.8964057,0,0.2070189
4.8955264,0,0.20644575
4.942324,0,0.20319891
4.8900714,0,0.20134218
4.886846,0,0.20158726
4.908562,0,0.1917209
4.8702807,0,0.20218757
4.8969555,0,0.20337081
4.9395394,0,0.19472398
4.930823,0,0.19442919
4.9367666,0,0.19774258
4.889993,0,0.20273201
4.895003,0,0.20285425
4.8443713,0,0.20978788
4.887644,0,0.20706072
4.8853173,0,0.20611888
4.8860693,0,0.20681547
4.926692,0,0.20265639
4.9216723,0,0.20696576
4.8909717,0,0.21081129
4.9431844,0,0.1998646
4.941005,0,0.20299906
4.91951,0,0.20242667
4.9054008,0,0.20526507
4.8973093,0,0.20463237
4.895389,0,0.20346642
4.896682,0,0.20310499
4.8987865,0,0.20291986
4.8983135,0,0.20286262
4.8988776,0,0.20254992
4.898582,0,0.202099
4.8999124,0,0.20171928
4.900779,0,0.20141447
4.900763,0,0.20135084
4.926686,0,0.19874887
4.903668,0,0.2017463
4.937053,0,0.20171762
4.9372506,0,0.19899434
4.9403405,0,0.1982756
4.9066586,0,0.20237252
4.951863,0,0.19949724
4.909249,0,0.20510744
4.9425874,0,0.19898835
4.9188514,0,0.18839262
4.9171314,0,0.19404408
4.891978,0,0.1953415
4.9104815,0,0.1954685
4.898272,0,0.19656566
4.8980894,0,0.19878286
4.9358582,0,0.191074
4.889873,0,0.19376701
4.8900895,0,0.19329895
4.91604,0,0.19585891
4.9224806,0,0.19138664
4.879894,0,0.20795795
4.9008517,0,0.20028907
4.902245,0,0.20228198
4.9243016,0,0.19207682
4.942867,0,0.19152114
4.89196,0,0.19885184
4.941998,0,0.19698204
4.9230075,0,0.19427365
4.926473,0,0.19447824
4.924353,0,0.19543315
4.930503,0,0.19488482
4.921946,0,0.19406293
4.8920894,0,0.20380692
4.931463,0,0.19328079
4.933953,0,0.19031985
4.93798,0,0.19119024
4.892404,0,0.20268415
4.9216022,0,0.19467327
4.8932776,0,0.20275173
4.906072,0,0.19537348
4.9056,0,0.19368154
4.9252787,0,0.19606173
4.935812,0,0.19091061
4.885384,0,0.20409742
4.884685,0,0.20357446
4.8462586,0,0.21243143
4.897181,0,0.20955081
4.944176,0,0.20026211
4.909735,0,0.20760325
4.898658,0,0.2072106
4.9390855,0,0.20152901
4.89741,0,0.20465977
4.8974786,0,0.20459515
4.916827,0,0.1986692
4.9135747,0,0.19869946
4.941086,0,0.19723935
4.9459624,0,0.20153742
4.9375243,0,0.2013176
4.8970323,0,0.20462447
4.939141,0,0.19885138
4.9443192,0,0.20091736
4.942782,0,0.20095119
4.9382257,0,0.20112024
4.8997483,0,0.20621693
4.9323497,0,0.20247343
4.940547,0,0.19721122
4.8974185,0,0.20516597
4.89566,0,0.20463406
4.9418836,0,0.19847944
4.944065,0,0.20415764
4.9402065,0,0.20171157
4.8956885,0,0.20604713
4.8977346,0,0.20377113
4.8858986,0,0.20190063
4.9035296,0,0.20312734
4.9276447,0,0.19413176
4.921123,0,0.19247234
4.7904954,0,0.21815637
4.8840795,0,0.2071163
4.8910384,0,0.21042567
4.886131,0,0.21347988
4.8284774,0,0.21949953
4.8944125,0,0.20982303
4.9233713,0,0.20498423
4.9305954,0,0.20761402
4.929425,0,0.205778
4.8662314,0,0.20878772
4.892423,0,0.21455035
4.8864274,0,0.21389295
4.891558,0,0.21318667
4.937909,0,0.2075093
4.91067,0,0.21057823
4.913368,0,0.20750712
4.9286294,0,0.2073335
4.9272885,0,0.2095848
4.9089503,0,0.20754378
4.9084115,0,0.20989054
4.887134,0,0.21350525
4.911416,0,0.2076603
4.8976855,0,0.21123198
4.8936296,0,0.21321452
4.8803067,0,0.21022257
4.8430476,0,0.2182962
4.888014,0,0.2099395
4.908026,0,0.20863198
4.901687,0,0.20869938
4.937098,0,0.20673248
4.918635,0,0.20848495
4.897512,0,0.20995972
4.901238,0,0.20981814
4.938173,0,0.20924018
4.9444585,0,0.19780397
4.9085016,0,0.20023534
4.7852926,0,0.21836653
4.907406,0,0.20969813
4.8921394,0,0.2094395
4.9002805,0,0.20632903
4.9121313,0,0.20390098
4.890269,0,0.21092784
4.8930073,0,0.20787427
4.9016232,0,0.20653534
4.891759,0,0.21053123
4.904287,0,0.20904154
4.910667,0,0.21049267
4.8951354,0,0.20907155
4.8930593,0,0.20473117
4.8967485,0,0.20436335
4.897109,0,0.20632808
4.893801,0,0.20459853
4.9008594,0,0.20988844
4.8995013,0,0.21154507
4.9116626,0,0.20819515
4.899531,0,0.2072177
4.938955,0,0.20137872
4.826928,0,0.2154872
4.851409,0,0.22013408
4.939523,0,0.20178625
4.9160466,0,0.20747657
4.9188876,0,0.2042447
4.9351354,0,0.20512989
4.9213595,0,0.20487271
4.9290876,0,0.20615247
4.938918,0,0.20469844
4.9305396,0,0.20272954
4.921783,0,0.20358248
4.907405,0,0.20701413
4.895333,0,0.20577064
4.8994374,0,0.20511597
4.891141,0,0.20496112
4.897483,0,0.20508957
4.9362187,0,0.20273829
4.9391265,0,0.20393264
4.8793664,0,0.2072659
4.9237695,0,0.20944896
4.9002776,0,0.20752561
4.931006,0,0.20477547
4.889335,0,0.21047358
4.88143,0,0.2099324
4.911652,0,0.20574005
4.917353,0,0.20625378
4.9245477,0,0.20778407
4.931498,0,0.20600533
4.9283013,0,0.20520423
4.917838,0,0.2073195
4.899022,0,0.21009383
4.930185,0,0.19162709
4.879435,0,0.19285052
4.910073,0,0.19383785
4.8988237,0,0.19648246
4.9303317,0,0.19385481
4.9071145,0,0.19867286
4.91944,0,0.19028047
4.9361043,0,0.18798506
4.9358077,0,0.18750812
4.9278765,0,0.19080421
4.917847,0,0.19073498
4.8920264,0,0.19951978
4.9286065,0,0.1933301
4.8429084,0,0.2157883
4.9403615,0,0.2038668
4.875381,0,0.21354005
4.922372,0,0.20958245
4.911262,0,0.21191372
4.8812876,0,0.20656376
4.881247,0,0.20626627
4.8963256,0,0.2139347
4.9469485,0,0.20725027
4.8979983,0,0.20999353
4.915851,0,0.20786269
4.9221683,0,0.2081533
4.9206095,0,0.21247706
4.9446216,0,0.20382255
4.8964543,0,0.21335551
4.9188313,0,0.20776993
4.8983335,0,0.21096194
4.8366027,0,0.21869262
4.90451,0,0.2111784
4.794638,0,0.22005293
4.893348,0,0.21597768
4.9131017,0,0.21031299
4.888282,0,0.21551226
4.9334903,0,0.2103657
4.9131207,0,0.20878366
4.913264,0,0.20967627
4.895371,0,0.21467118
4.9234576,0,0.20798883
4.9184546,0,0.21085665
4.942652,0,0.2080316
4.92399,0,0.20900796
4.8973927,0,0.21367925
4.9356136,0,0.20606658
4.9360194,0,0.20696256
4.893109,0,0.21248302
4.893329,0,0.21067367
4.932242,0,0.20444302
4.931585,0,0.20721285
4.8891644,0,0.21116336
4.932586,0,0.20997982
4.887324,0,0.21665302
4.892589,0,0.21184857
4.90883,0,0.21190435
4.941085,0,0.20659362
4.9025903,0,0.20740032
4.9398055,0,0.20696709
4.888866,0,0.20948054
4.9377074,0,0.20520677
4.939678,0,0.21151395
4.879994,0,0.19491099
4.933026,0,0.1968353
4.893806,0,0.2003974
4.8879013,0,0.20275651
4.934895,0,0.19512554
4.933926,0,0.1954612
4.899818,0,0.20327993
4.885787,0,0.20566003
4.9288187,0,0.1920432
4.9131246,0,0.19608817
4.9294934,0,0.1971125
4.9262595,0,0.2015067
4.888803,0,0.21165694
4.946916,0,0.19963756
4.944855,0,0.19802645
4.9343877,0,0.1989925
4.9243264,0,0.20349698
4.896616,0,0.20468593
4.9262667,0,0.20322426
4.940524,0,0.19861257
4.9497666,0,0.19897756
4.9456573,0,0.19462575
4.8998103,0,0.2029265
4.9376054,0,0.1982489
4.9484324,0,0.1947147
4.938148,0,0.19428843
4.9454923,0,0.19605531
4.9275236,0,0.19733152
4.925456,0,0.20243722
4.923677,0,0.20418084
4.928903,0,0.19663976
4.913551,0,0.19908853
4.8962054,0,0.20221138
4.916116,0,0.19535735
4.923562,0,0.20012146
4.931046,0,0.19685936
4.943286,0,0.19952255
4.9327245,0,0.1984148
4.892077,0,0.20300119
4.927852,0,0.19544902
4.921595,0,0.20258951
4.926378,0,0.18937773
4.9257445,0,0.19513653
4.930829,0,0.19744383
4.9352274,0,0.19696715
4.887623,0,0.20647916
4.8827806,0,0.20298153
4.899053,0,0.2081995
4.932066,0,0.19510485
4.9226346,0,0.19181629
4.8362384,0,0.21489275
4.9394155,0,0.20356035
4.9390774,0,0.2043033
4.9220357,0,0.20510384
4.9400716,0,0.2038009
4.9148436,0,0.20435695
4.9122977,0,0.20414415
4.894423,0,0.20857461
4.8784537,0,0.2063181
4.8918447,0,0.2059004
4.9173408,0,0.20721449
4.943829,0,0.20483294
4.938746,0,0.20179164
4.8958364,0,0.20650746
4.906862,0,0.20451173
4.9261847,0,0.20531493
4.939307,0,0.20408005
4.8913283,0,0.20731315
4.888579,0,0.20675014
4.9089756,0,0.2037893
4.8947105,0,0.20738539
4.910464,0,0.20267898
4.8924155,0,0.20810948
4.9183354,0,0.20335361
4.9002523,0,0.20952308
4.939545,0,0.20037052
4.908115,0,0.20974301
4.9431973,0,0.20308182
4.9188128,0,0.20220022
4.8922687,0,0.2057155
4.8844037,0,0.1955879
4.92709,0,0.19465508
4.8851995,0,0.19550215
4.887909,0,0.19760731
4.9241395,0,0.18700422
4.913065,0,0.19040193
4.923326,0,0.18825237
4.920239,0,0.20022152
4.8898854,0,0.19975793
4.8356214,0,0.21443412
4.8976407,0,0.20664744
4.8928094,0,0.20378707
4.9190917,0,0.20449819
4.941522,0,0.19968408
4.89735,0,0.20636742
4.8947263,0,0.20520103
4.895308,0,0.20497088
4.9288774,0,0.20194802
4.9071026,0,0.20409603
4.9372296,0,0.20175624
4.9346538,0,0.20067
4.8991756,0,0.20565857
4.906367,0,0.20517866
4.8184247,0,0.21766141
4.901752,0,0.21033813
4.936891,0,0.20835394
4.912413,0,0.20543778
4.9121294,0,0.20961651
4.937244,0,0.20494756
4.910584,0,0.20715214
4.9082184,0,0.207604
4.9125237,0,0.20618223
4.9041905,0,0.20923904
4.890777,0,0.21062827
4.9360785,0,0.20527281
4.8892584,0,0.21114546
4.8903427,0,0.20780191
4.941157,0,0.20723684
4.933684,0,0.20749453
4.8920245,0,0.2107011
4.912396,0,0.20520432
4.9192176,0,0.20522757
4.93059,0,0.20936026
4.9292,0,0.20460035
4.933752,0,0.20665143
4.8840375,0,0.21360719
4.9045424,0,0.20776302
4.9128914,0,0.20783475
4.9050193,0,0.2072086
4.921367,0,0.2089341
4.889107,0,0.2094287
4.848315,0,0.21926822
4.929845,0,0.20340575
4.898337,0,0.2019746
4.892783,0,0.2019382
4.8941402,0,0.20095435
4.901589,0,0.19949585
4.8953176,0,0.20022635
4.8326516,0,0.21465847
4.830109,0,0.21449275
4.8898444,0,0.20565689
4.8298655,0,0.21465631
4.9125876,0,0.20344262
4.9229894,0,0.20342785
4.898145,0,0.20309757
4.9254184,0,0.20080239
4.8937654,0,0.20726176
4.892896,0,0.20616192
4.910635,0,0.20324549
4.910306,0,0.20390029
4.890697,0,0.2043387
4.8901305,0,0.20991263
4.907522,0,0.20207779
4.9019675,0,0.20230418
4.9096265,0,0.20047863
4.93352,0,0.20184802
4.8524876,0,0.20994076
4.926476,0,0.20222718
4.939984,0,0.20314056
4.926302,0,0.20170239
4.9275975,0,0.20144829
4.8500533,0,0.21591876
4.9391365,0,0.20387067
4.940085,0,0.20535724
4.932949,0,0.20573626
4.8816524,0,0.20635898
4.9291625,0,0.2035198
4.9008546,0,0.20637074
4.910933,0,0.2040441
4.883606,0,0.20823382
4.9409347,0,0.20485073
4.9242926,0,0.20616446
4.917956,0,0.20491703
4.941887,0,0.20160165
4.9423513,0,0.2037567
4.945332,0,0.19858128
4.9348617,0,0.19836916
4.9425263,0,0.1995713
4.940663,0,0.2023745
4.896727,0,0.21062988
4.9293885,0,0.20109464
4.889507,0,0.20376135
4.8956494,0,0.2063543
4.930113,0,0.20241916
4.9222436,0,0.20042567
4.924481,0,0.20334962
4.9291725,0,0.2041684
4.909097,0,0.20185664
4.9182577,0,0.19932735
4.9128914,0,0.20653348
4.926789,0,0.20289677
4.886129,0,0.20167002
4.9070888,0,0.19269225
4.8905587,0,0.20084007
4.8932295,0,0.19912884
4.9067926,0,0.19987288
4.904702,0,0.19932516
4.893414,0,0.20043142
4.8917475,0,0.19907561
4.9346747,0,0.1893387
4.891085,0,0.19727778
4.940012,0,0.19508174
4.913861,0,0.19904023
4.9393783,0,0.19427945
4.9280562,0,0.19719194
4.9434943,0,0.19877039
4.9208193,0,0.19249986
4.9273515,0,0.1936353
4.9163065,0,0.19641753
4.9339576,0,0.18831375
4.9371614,0,0.19089736
4.9221277,0,0.19935982
4.9068456,0,0.19931793
4.900313,0,0.19734125
4.9334807,0,0.19357233
4.9327826,0,0.19798164
4.917137,0,0.19775648
4.900405,0,0.20238669
4.9321814,0,0.19772464
4.933025,0,0.1945963
4.828414,0,0.21437345
4.8756537,0,0.20721027
4.9390664,0,0.20523755
4.920779,0,0.20625421
4.882075,0,0.2184524
4.894426,0,0.21226604
4.9386616,0,0.2043378
4.9080467,0,0.21005043
4.887525,0,0.21453555
4.911991,0,0.20894727
4.907821,0,0.21146183
4.916751,0,0.20800176
4.8959184,0,0.21238875
4.9123964,0,0.21007448
4.8947015,0,0.2121093
4.917579,0,0.21190332
4.946559,0,0.20831028
4.943339,0,0.20801958
4.8777866,0,0.20971394
4.850576,0,0.2161954
4.925387,0,0.21095927
4.9139285,0,0.2077133
4.8926053,0,0.20956686
4.8911934,0,0.21487764
4.8852925,0,0.21496464
4.898373,0,0.21447605
4.901894,0,0.21136345
4.9027367,0,0.2111356
4.942797,0,0.2071491
4.91258,0,0.21275981
4.9509597,0,0.1983207
4.925383,0,0.20810784
4.9229007,0,0.20691554
4.9415884,0,0.20408006
4.908997,0,0.20333977
4.9407506,0,0.19971362
4.9471693,0,0.20022984
4.907041,0,0.20851117
4.9013767,0,0.20325173
4.903332,0,0.205274
4.9037685,0,0.20525151
4.903498,0,0.20502661
4.932674,0,0.20010199
4.9289117,0,0.20007934
4.9197803,0,0.20123452
4.951423,0,0.19861203
4.923976,0,0.20089129
4.9023366,0,0.2018362
4.9334517,0,0.19778243
4.916127,0,0.19482972
4.9189057,0,0.19452232
4.9333444,0,0.18736193
4.8942204,0,0.2004233
4.924811,0,0.1925839
4.8885264,0,0.2043022
4.9139876,0,0.1901948
4.8896394,0,0.19991867
4.9276843,0,0.1938153
4.92605,0,0.1910028
4.9397883,0,0.18971936
4.924511,0,0.19766864
4.913287,0,0.19605756
4.9376535,0,0.18944764
4.8947635,0,0.1999012
4.8952565,0,0.20022362
4.937263,0,0.18992165
4.8976293,0,0.20326366
4.9278426,0,0.19321962
4.898955,0,0.19765408
4.910728,0,0.19612779
4.9155207,0,0.1969054
4.9326243,0,0.1887051
4.9128017,0,0.19790791
4.911252,0,0.19755715
4.90955,0,0.19748908
4.923182,0,0.19671452
4.932987,0,0.18944766
4.893856,0,0.20087805
4.915676,0,0.19848733
4.935388,0,0.19523725
4.8904014,0,0.2017467
4.9091997,0,0.19699879
4.9309134,0,0.19194655
4.891625,0,0.20205933
4.8883605,0,0.19871472
4.9240136,0,0.18831047
4.9195595,0,0.19476354
4.903086,0,0.1964918
4.8321424,0,0.21382754
4.9146647,0,0.20477365
4.837144,0,0.21433933
4.8262973,0,0.2137622
4.932757,0,0.2027684
4.893015,0,0.20895576
4.821016,0,0.21620092
4.915109,0,0.2068126
4.926609,0,0.20578226
4.9008584,0,0.2048265
4.9318557,0,0.20573652
4.9071717,0,0.20838977
4.869139,0,0.20782734
4.8464284,0,0.21963695
4.9308553,0,0.20504649
4.8829975,0,0.21170181
4.9197593,0,0.20924845
4.923303,0,0.20857713
4.867215,0,0.2097101
4.8729625,0,0.21023929
4.904325,0,0.20687313
4.893641,0,0.20706816
4.885963,0,0.21112998
4.9343424,0,0.2052811
4.9066653,0,0.20932718
4.9167495,0,0.20700309
4.83754,0,0.2183482
4.907173,0,0.2103385
4.902368,0,0.20919645
4.884249,0,0.21333016
4.888391,0,0.21228366
4.8886228,0,0.21163738
4.9172606,0,0.20843774
4.8990574,0,0.21195912
4.90376,0,0.20466058
4.9382453,0,0.20573609
4.91219,0,0.20407438
4.9202323,0,0.20368637
4.895679,0,0.2017492
4.9216156,0,0.20556939
4.91008,0,0.19959724
4.910005,0,0.19911261
4.896796,0,0.19869979
4.899612,0,0.19922787
4.899801,0,0.19867107
4.9079356,0,0.20338699
4.9238544,0,0.2002641
4.9300737,0,0.20167847
4.937311,0,0.19886193
4.92386,0,0.20153293
4.9454885,0,0.19673488
4.9299917,0,0.19995871
4.8969417,0,0.19902815
4.9467072,0,0.1989325
4.8999124,0,0.19878997
4.9318757,0,0.19954196
4.8840604,0,0.19857758
4.9310355,0,0.20074907
4.9291177,0,0.19160877
4.935925,0,0.19499609
4.902017,0,0.20539929
4.9470162,0,0.19413054
4.934439,0,0.19217555
4.9014144,0,0.20596682
4.9176393,0,0.1963766
4.94365,0,0.19757669
4.9021597,0,0.20528199
4.9479957,0,0.19612338
4.912577,0,0.20330192
4.911012,0,0.19837718
4.9395003,0,0.19563662
4.9389997,0,0.19789799
4.931638,0,0.19793801
4.9023976,0,0.19545694
4.929935,0,0.1973656
4.9329443,0,0.19853675
4.891126,0,0.20588148
4.926183,0,0.19902407
4.8941836,0,0.20322867
4.891997,0,0.20252746
4.925299,0,0.1985098
4.9328322,0,0.20092604
4.9102144,0,0.1943472
4.887198,0,0.19842865
4.9353538,0,0.19855244
4.930791,0,0.19727029
4.9379554,0,0.19517918
4.927877,0,0.19415252
4.9354615,0,0.1945336
4.933044,0,0.19888276
4.8879843,0,0.19903311
4.890392,0,0.19745363
4.9359736,0,0.19510727
4.9372716,0,0.1942243
4.8901267,0,0.19487685
4.8859286,0,0.19590706
4.9286094,0,0.19445513
4.907611,0,0.19579157
4.9396853,0,0.19553623
4.9402423,0,0.1958298
4.9439273,0,0.19652937
4.9219117,0,0.19442979
4.8976264,0,0.2019604
4.897351,0,0.20231262
4.941665,0,0.19791575
4.921696,0,0.19277808
4.885422,0,0.20024261
4.92401,0,0.20104335
4.9446826,0,0.19361962
4.933539,0,0.19303069
4.892257,0,0.1975504
4.9062886,0,0.20659076
4.941094,0,0.19392842
4.922068,0,0.20340718
4.898245,0,0.20252277
4.9013143,0,0.20491078
4.9378653,0,0.19786146
4.8922486,0,0.19615932
4.927522,0,0.19611484
4.893354,0,0.19709025
4.931519,0,0.19861303
4.914172,0,0.20044081
4.947266,0,0.1944161
4.903517,0,0.20003165
4.9311385,0,0.19676995
4.896027,0,0.20319404
4.833272,0,0.21569122
4.9170413,0,0.20348206
4.859319,0,0.21916366
4.876983,0,0.20575342
4.925696,0,0.20462391
4.914759,0,0.21218821
4.943863,0,0.20778996
4.902386,0,0.20688634
4.919954,0,0.21278937
4.9407363,0,0.20713799
4.915091,0,0.20629075
4.929316,0,0.21302043
4.8155665,0,0.21807365
4.887838,0,0.21255702
4.910402,0,0.21285023
4.9091744,0,0.21146242
4.9139514,0,0.21014714
4.8859587,0,0.21040149
4.9333086,0,0.2112096
4.886984,0,0.21139532
4.8751855,0,0.21132529
4.875295,0,0.21137828
4.8734164,0,0.21464464
4.8723025,0,0.20966992
4.935782,0,0.21001679
4.9076133,0,0.20857376
4.8721128,0,0.2126689
4.8883595,0,0.20945929
4.889526,0,0.20847492
4.93642,0,0.20860098
4.937886,0,0.20786405
4.9395456,0,0.20861948
4.919078,0,0.21121487
4.8989577,0,0.20711558
4.8844123,0,0.21055697
4.9348364,0,0.20425723
4.904287,0,0.20531668
4.9029646,0,0.20798084
4.9282126,0,0.2035334
4.87334,0,0.20849577
4.9307575,0,0.21220328
4.835409,0,0.22024493
4.8930783,0,0.20739987
4.9393086,0,0.20600787
4.910835,0,0.20220912
4.8923936,0,0.2113327
4.9290147,0,0.20295726
4.9118543,0,0.20607784
4.921972,0,0.2029013
4.9158044,0,0.20335731
4.9266524,0,0.20912376
4.9151454,0,0.20476976
4.8919845,0,0.21193181
4.928268,0,0.20413928
4.8827558,0,0.20851001
4.926199,0,0.20546447
4.9135547,0,0.20376363
4.913164,0,0.203628
4.933933,0,0.20636229
4.9134145,0,0.2075901
4.884834,0,0.20457117
4.912432,0,0.20529087
4.916788,0,0.20338333
4.9141717,0,0.20369978
4.8960953,0,0.21062818
4.9220376,0,0.20268144
4.91455,0,0.20428768
4.919075,0,0.20299807
4.9379234,0,0.20603275
4.9374247,0,0.20110072
4.8957443,0,0.20929734
4.8871017,0,0.19426244
4.930465,0,0.19476037
4.913651,0,0.20038906
4.9258566,0,0.1924787
4.902099,0,0.19656803
4.884444,0,0.19781774
4.906178,0,0.1914476
4.9307413,0,0.19073287
4.922707,0,0.1915594
4.8838177,0,0.20010437
4.925534,0,0.18968622
4.91281,0,0.19059913
4.9189987,0,0.19355531
4.8150067,0,0.21462105
4.9374638,0,0.2049725
4.914634,0,0.20765819
4.9325767,0,0.20485626
4.893372,0,0.2080749
4.890164,0,0.20929794
4.8899045,0,0.2099831
4.9368877,0,0.20044202
4.8911176,0,0.2042963
4.938329,0,0.20088387
4.896493,0,0.20632416
4.8935313,0,0.2060872
4.9405284,0,0.20412843
4.922607,0,0.20661421
4.9414535,0,0.20520476
4.9401546,0,0.20508468
4.8841505,0,0.20857307
4.9107795,0,0.20461027
4.9322333,0,0.20510046
4.8872676,0,0.20889166
4.883248,0,0.20769607
4.9100842,0,0.20560354
4.894499,0,0.21029744
4.936836,0,0.20499086
4.9135528,0,0.20423537
4.9091344,0,0.20463848
4.938442,0,0.20344555
4.943784,0,0.20552367
4.932462,0,0.20364669
4.8925724,0,0.20563951
4.913637,0,0.1904811
4.8921957,0,0.19679226
4.855963,0,0.20516497
4.899218,0,0.20319086
4.9449573,0,0.19994676
4.9375477,0,0.19944993
4.929875,0,0.19903965
4.9013133,0,0.20603982
4.9414673,0,0.19853082
4.931412,0,0.20244798
4.89788,0,0.20462371
4.9451666,0,0.20104343
4.9192214,0,0.2033277
4.9160676,0,0.20702882
4.9172997,0,0.20431416
4.92722,0,0.19966502
4.923864,0,0.20258032
4.9019547,0,0.2063161
4.905019,0,0.20868945
4.9156237,0,0.1993463
4.901444,0,0.20268022
4.8983026,0,0.20037791
4.899156,0,0.20021412
4.901221,0,0.19982494
4.899646,0,0.19970328
4.8998027,0,0.19964412
4.9012427,0,0.19924352
4.901387,0,0.19904533
4.917341,0,0.19694354
4.9026036,0,0.19869822
4.9036455,0,0.19866434
4.9405093,0,0.19370303
4.910113,0,0.19353771
4.886911,0,0.19859907
4.883846,0,0.19727935
4.8851686,0,0.1940225
4.926214,0,0.18565878
4.918715,0,0.19068806
4.8881183,0,0.19078423
4.937116,0,0.18965222
4.8887115,0,0.190786
4.8938766,0,0.19148792
4.9343877,0,0.18804295
4.936856,0,0.18976843
4.8976398,0,0.1966139
4.935333,0,0.19001807
4.892772,0,0.19554096
4.905266,0,0.18859679
4.9348507,0,0.18614544
4.9345202,0,0.1897886
4.932529,0,0.18671578
4.9320273,0,0.19114664
4.919836,0,0.19148013
4.8881583,0,0.19117346
4.8866925,0,0.19093281
4.887386,0,0.1908538
4.8913302,0,0.19603285
4.935021,0,0.18423282
4.939102,0,0.18714394
4.893523,0,0.19659427
4.895451,0,0.19871823
4.88972,0,0.19226483
4.9305186,0,0.18987432
4.8993735,0,0.20196663
4.893734,0,0.19427112
4.9360485,0,0.18609968
4.936791,0,0.19137661
4.923792,0,0.18714161
4.9211164,0,0.1863194
4.924363,0,0.1922691
4.886993,0,0.20220703
4.890567,0,0.19962384
4.9307704,0,0.18890545
4.934158,0,0.18586738
4.927937,0,0.19419143
4.933007,0,0.19164577
4.93021,0,0.19144395
4.927788,0,0.18774901
4.9309025,0,0.19169039
4.8909135,0,0.19061269
4.906304,0,0.19059198
4.8837776,0,0.19791037
4.9226766,0,0.19262505
4.885699,0,0.19974133
4.928577,0,0.19346938
4.8849826,0,0.20098247
4.8842645,0,0.20073238
4.8871646,0,0.19933118
4.8314652,0,0.21485955
4.9396553,0,0.20438805
4.8940735,0,0.20815569
4.8916306,0,0.20669693
4.895112,0,0.2093473
4.9191566,0,0.20816086
4.91167,0,0.20540209
4.9241033,0,0.20438062
4.879381,0,0.20592034
4.894567,0,0.20662227
4.9083014,0,0.2084193
4.9182324,0,0.2100742
4.9198737,0,0.20776533
4.890774,0,0.20651712
4.9400477,0,0.20476626
4.9327774,0,0.20837125
4.886602,0,0.20498954
4.9103236,0,0.20361751
4.900656,0,0.20784427
4.898787,0,0.20776264
4.8984423,0,0.20449224
4.8948674,0,0.20741665
4.9357777,0,0.20769721
4.8998666,0,0.20639879
4.898485,0,0.20635104
4.9339433,0,0.20457359
4.943813,0,0.20358229
4.908403,0,0.20647523
4.881655,0,0.21847652
4.8803854,0,0.20427305
4.9006557,0,0.20552355
4.9168344,0,0.19453198
4.938082,0,0.19540347
4.932297,0,0.19856188
4.8803716,0,0.20800267
4.829952,0,0.21619451
4.9301815,0,0.20930998
4.9413743,0,0.20416489
4.9232183,0,0.20885524
4.943658,0,0.20796703
4.8930845,0,0.21485129
4.9426455,0,0.2079422
4.9223113,0,0.20804065
4.8261943,0,0.21631646
4.9302125,0,0.20717919
4.893813,0,0.20822379
4.9124775,0,0.2088969
4.9083724,0,0.20594573
4.908195,0,0.20587113
4.9079757,0,0.20588006
4.907461,0,0.20593956
4.9074616,0,0.2059647
4.9076343,0,0.20562766
4.9085994,0,0.20801468
4.9080014,0,0.20804048
4.908569,0,0.2079058
4.909553,0,0.20774077
4.9094925,0,0.20778021
4.9095373,0,0.20721608
4.9084926,0,0.20571987
4.9081297,0,0.20558736
4.908054,0,0.20542373
4.9085298,0,0.2051101
4.9113684,0,0.2047948
4.9079003,0,0.2027593
4.909001,0,0.20249616
4.9093595,0,0.20247407
4.910359,0,0.20219432
4.9102645,0,0.20220293
4.9110613,0,0.20196429
4.9109526,0,0.20194788
4.911568,0,0.20160306
4.9118257,0,0.20145185
4.8759546,0,0.18604177
4.8541303,0,0.18306339
4.8456664,0,0.186111
4.845103,0,0.18570746
4.846909,0,0.18574516
4.847256,0,0.1857658
4.847545,0,0.18568882
4.843347,0,0.18577273
4.848844,0,0.18463305
4.846694,0,0.18353125
4.8475156,0,0.18455526
4.8476872,0,0.18444315
4.8473,0,0.18452485
4.8473887,0,0.18443783
4.848251,0,0.18457936
4.8482475,0,0.18450733
4.8483257,0,0.18449852
4.8480783,0,0.18450262
4.8489647,0,0.18444514
4.8501787,0,0.18443882
4.8464775,0,0.18442804
4.846391,0,0.18439777
4.845828,0,0.18439765
4.845941,0,0.18440546
4.846414,0,0.18454237
4.8461366,0,0.18445422
4.8461514,0,0.18436685
4.8464074,0,0.18445908
4.846421,0,0.18450002
4.847589,0,0.18464966
4.8460956,0,0.18456735
4.845764,0,0.18453684
4.845541,0,0.18462308
4.8465886,0,0.18465984
4.8462863,0,0.1844086
4.8464217,0,0.18464077
4.845281,0,0.18450385
4.8439374,0,0.18528453
4.844414,0,0.18515038
4.843523,0,0.18545675
4.8337717,0,0.18580116
4.8488374,0,0.18402818
4.8500376,0,0.18395898
4.8499417,0,0.1838668
4.824475,0,0.18881358
4.854898,0,0.18183233
4.8539605,0,0.18165077
4.8552194,0,0.1818677
4.853948,0,0.18171252
4.8544683,0,0.18180759
4.854019,0,0.18172944
4.8540254,0,0.18170641
4.8536224,0,0.18157168
4.855616,0,0.18182455
4.8539557,0,0.18173224
4.8499475,0,0.18246157
4.8542,0,0.18169484
4.8539023,0,0.18187776
4.8537874,0,0.18188573
4.8539405,0,0.18180078
4.8532233,0,0.18180461
4.8527517,0,0.18257664
4.853659,0,0.1817929
4.8539395,0,0.18189089
4.853957,0,0.18178993
4.8555684,0,0.18210982
4.8550367,0,0.18182692
4.8567495,0,0.18228388
4.8534265,0,0.18195535
4.8536625,0,0.18193203
4.883166,0,0.18047428
4.868055,0,0.18283002
4.867546,0,0.18267474
4.845389,0,0.18849987
4.8709087,0,0.18608418
4.8648157,0,0.18528973
4.865688,0,0.18557015
4.8645434,0,0.18539812
4.8736663,0,0.18503116
4.8624816,0,0.18612225
4.8824973,0,0.18592869
4.8669763,0,0.18606299
4.8892703,0,0.18117633
4.8731074,0,0.18419185
4.8669114,0,0.18672788
4.8508387,0,0.18763858
4.8603954,0,0.18671212
4.870271,0,0.18536934
4.871238,0,0.1855723
4.8709273,0,0.18555546
4.872661,0,0.18580642
4.872591,0,0.18588383
4.872332,0,0.18585372
4.8758235,0,0.18618558
4.876422,0,0.18648383
4.876721,0,0.18644752
4.873993,0,0.1862499
4.8739924,0,0.18609247
4.8739147,0,0.18614785
4.8733635,0,0.18618272
4.8875785,0,0.18422417
4.8796124,0,0.18739913
4.8740396,0,0.18622628
4.8882103,0,0.18542203
4.8516154,0,0.20028143
4.8754654,0,0.18802917
4.852797,0,0.19371024
4.916001,0,0.18809201
4.8931804,0,0.18602736
4.9211802,0,0.1859114
4.8817863,0,0.19321652
4.9247646,0,0.19456327
4.922866,0,0.1916614
4.9120407,0,0.1889039
4.91684,0,0.18783721
4.9050345,0,0.18977822
4.908113,0,0.18918839
4.9127975,0,0.18960378
4.9087424,0,0.19076829
4.915132,0,0.1903978
4.9295983,0,0.19055425
4.836961,0,0.213949
4.916516,0,0.20532896
4.9362874,0,0.20320031
4.9138317,0,0.20248792
4.9328985,0,0.20430668
4.940144,0,0.19945122
4.912111,0,0.20246223
4.9121423,0,0.20245205
4.912841,0,0.20257673
4.935265,0,0.20299089
4.913274,0,0.20328386
4.911735,0,0.20288229
4.890264,0,0.20351937
4.9153686,0,0.20422204
4.939207,0,0.20474535
4.898765,0,0.20590058
4.9009414,0,0.20622744
4.9412894,0,0.2022067
4.927802,0,0.20606163
4.911364,0,0.20745264
4.8945756,0,0.2105839
4.9452405,0,0.20663328
4.9234943,0,0.20384043
4.911924,0,0.20445484
4.939002,0,0.2053219
4.9126086,0,0.20550208
4.9390893,0,0.2054078
4.91139,0,0.20573598
4.9040155,0,0.20694879
4.9204717,0,0.20410655
4.911909,0,0.19083185
4.9387717,0,0.19183242
4.8952565,0,0.20447367
4.933481,0,0.19591302
4.9141335,0,0.19475196
4.8887386,0,0.19847941
4.9282813,0,0.19428581
4.9396706,0,0.19551238
4.888266,0,0.20043908
4.9146338,0,0.19722405
4.9278245,0,0.19470596
4.909903,0,0.19505396
4.911446,0,0.19464082
4.931244,0,0.19464351
4.9271107,0,0.19334555
4.9131417,0,0.20006649
4.9259057,0,0.1948904
4.92482,0,0.19730249
4.8509803,0,0.21858646
4.9437895,0,0.196231
4.8892026,0,0.20905913
4.9187737,0,0.20058352
4.915396,0,0.2005843
4.941666,0,0.19766402
4.9372573,0,0.19694684
